{
 "sbType": "Widget",
 "snapshot": {
  "data": {
   "blocks": [
    {
     "id": "bafyreiexlhwl77bom7zjis5dcp5xomb6374bjmm2oc3mlfdyxzb5f4km4a",
     "restrictions": {

     },
     "childrenIds": [
      "651688b21cac630478df2363",
      "651688b21cac630478df2365",
      "651688b21cac630478df2367",
      "651688b21cac630478df2369"
     ],
     "smartblock": {

     }
    },
    {
     "id": "651688b21cac630478df2363",
     "childrenIds": [
      "651688b21cac630478df2362"
     ],
     "widget": {

     }
    },
    {
     "id": "651688b21cac630478df2365",
     "childrenIds": [
      "651688b21cac630478df2364"
     ],
     "widget": {
      "layout": "CompactList"
     }
    },
    {
     "id": "651688b21cac630478df2367",
     "childrenIds": [
      "651688b21cac630478df2366"
     ],
     "widget": {
      "layout": "CompactList"
     }
    },
    {
     "id": "651688b21cac630478df2369",
     "childrenIds": [
      "651688b21cac630478df2368"
     ],
     "widget": {
      "layout": "CompactList"
     }
    },
    {
     "id": "651688b21cac630478df2362",
     "link": {
      "targetBlockId": "bafyreih4ek47po7uxplkqvzreiuwpdr4wrytpmglns5lgrtbf2az6lkw3u",
      "cardStyle": "Inline"
     }
    },
    {
     "id": "651688b21cac630478df2364",
     "link": {
      "targetBlockId": "favorite",
      "cardStyle": "Inline"
     }
    },
    {
     "id": "651688b21cac630478df2366",
     "link": {
      "targetBlockId": "set",
      "cardStyle": "Inline"
     }
    },
    {
     "id": "651688b21cac630478df2368",
     "link": {
      "targetBlockId": "recent",
      "cardStyle": "Inline"
     }
    }
   ],
   "details": {
     "backlinks": [
       ],
     "creator": "bafyreidnsorc4pykoqr7gncfik3yk2i6tylxpxrdrmnojnbk6hqwiha2di",
     "id": "bafyreiexlhwl77bom7zjis5dcp5xomb6374bjmm2oc3mlfdyxzb5f4km4a",
     "isHidden": true,
     "lastModifiedBy": "bafyreidnsorc4pykoqr7gncfik3yk2i6tylxpxrdrmnojnbk6hqwiha2di",
     "lastModifiedDate": 1695975602,
     "lastOpenedDate": 1695975600,
     "layout": 7,
     "links": [
        "bafyreidn4vugdnbahz2att4ny3gv6kcambt73tay5kmuhlel4qyrjfzmsy",
        "favorite",
        "set",
        "recent"
       ],
     "restrictions": [
        2,
        4,
        1,
        6,
        5,
        7,
        8
       ],
     "snippet": "",
     "type": "ot-dashboard",
     "workspaceId": "bafyreictldkkhjkqj5gp3nm2qd2whqd5wc3kanpfnyo7sepwimwz5avluq"
    },
   "objectTypes": [
    "ot-dashboard"
   ],
   "relationLinks": [
    {
     "key": "id",
     "format": "object"
    },
    {
     "key": "snippet"
    },
    {
     "key": "workspaceId",
     "format": "object"
    },
    {
     "key": "backlinks",
     "format": "object"
    },
    {
     "key": "creator",
     "format": "object"
    },
    {
     "key": "type",
     "format": "object"
    },
    {
     "key": "layout",
     "format": "number"
    },
    {
     "key": "isHidden",
     "format": "checkbox"
    },
    {
     "key": "lastModifiedBy",
     "format": "object"
    },
    {
     "key": "lastModifiedDate",
     "format": "date"
    }
   ]
  }
 }
}
