{
 "sbType": "Page",
 "snapshot": {
  "data": {
   "blocks": [
    {
     "id": "bafyreiew4ejpqxs46ee2dts643uzabw3peq3bt4nr37fllhomtixomvazy",
     "restrictions": {

     },
     "childrenIds": [
      "header",
      "65168a381cac630478df2389"
     ],
     "smartblock": {

     }
    },
    {
     "id": "header",
     "restrictions": {
      "edit": true,
      "remove": true,
      "drag": true,
      "dropOn": true
     },
     "childrenIds": [
      "title",
      "description",
      "featuredRelations"
     ],
     "layout": {
      "style": "Header"
     }
    },
    {
     "id": "65168a381cac630478df2389",
     "text": {
      "marks": {

      }
     }
    },
    {
     "id": "title",
     "fields": {
       "_detailsKey": [
          "name",
          "done"
         ]
      },
     "restrictions": {
      "remove": true,
      "drag": true,
      "dropOn": true
     },
     "text": {
      "style": "Title",
      "marks": {

      }
     }
    },
    {
     "id": "description",
     "fields": {
       "_detailsKey": "description"
      },
     "restrictions": {
      "remove": true,
      "drag": true,
      "dropOn": true
     },
     "text": {
      "style": "Description",
      "marks": {

      }
     }
    },
    {
     "id": "featuredRelations",
     "restrictions": {
      "remove": true,
      "drag": true,
      "dropOn": true
     },
     "featuredRelations": {

     }
    }
   ],
   "details": {
     "backlinks": [
        "bafyreibzfv5ioyowz274wnhhjehnmr4avglrmet2qckf2nyxbcf2s7o244"
       ],
     "createdDate": 1695975959,
     "creator": "bafyreidnsorc4pykoqr7gncfik3yk2i6tylxpxrdrmnojnbk6hqwiha2di",
     "description": "",
     "featuredRelations": [
        "type",
        "description"
       ],
     "iconEmoji": "",
     "iconImage": "bafybeih73bt72txsuwywuk4yswsh3wdh4rj6msaxdzxzbi4r2jifc5zsue",
     "id": "bafyreiew4ejpqxs46ee2dts643uzabw3peq3bt4nr37fllhomtixomvazy",
     "lastModifiedBy": "bafyreidnsorc4pykoqr7gncfik3yk2i6tylxpxrdrmnojnbk6hqwiha2di",
     "lastModifiedDate": 1695976046,
     "lastOpenedDate": 1695975987,
     "layout": 1,
     "links": [
       ],
     "name": "Stanley Kubrick",
     "restrictions": [
       ],
     "snippet": "",
     "type": "ot-profile",
     "workspaceId": "bafyreictldkkhjkqj5gp3nm2qd2whqd5wc3kanpfnyo7sepwimwz5avluq"
    },
   "objectTypes": [
    "ot-profile"
   ],
   "relationLinks": [
    {
     "key": "workspaceId",
     "format": "object"
    },
    {
     "key": "createdDate",
     "format": "date"
    },
    {
     "key": "creator",
     "format": "object"
    },
    {
     "key": "type",
     "format": "object"
    },
    {
     "key": "id",
     "format": "object"
    },
    {
     "key": "snippet"
    },
    {
     "key": "name",
     "format": "shorttext"
    },
    {
     "key": "internalFlags",
     "format": "number"
    },
    {
     "key": "backlinks",
     "format": "object"
    },
    {
     "key": "layout",
     "format": "number"
    },
    {
     "key": "description"
    },
    {
     "key": "iconEmoji",
     "format": "emoji"
    },
    {
     "key": "iconImage",
     "format": "file"
    },
    {
     "key": "layoutAlign",
     "format": "number"
    },
    {
     "key": "coverId"
    },
    {
     "key": "coverScale",
     "format": "number"
    },
    {
     "key": "coverType",
     "format": "number"
    },
    {
     "key": "coverX",
     "format": "number"
    },
    {
     "key": "coverY",
     "format": "number"
    },
    {
     "key": "lastModifiedDate",
     "format": "date"
    },
    {
     "key": "lastModifiedBy",
     "format": "object"
    },
    {
     "key": "lastOpenedDate",
     "format": "date"
    },
    {
     "key": "featuredRelations",
     "format": "object"
    },
    {
     "key": "isFavorite",
     "format": "checkbox"
    },
    {
     "key": "links",
     "format": "object"
    },
    {
     "key": "restrictions",
     "format": "number"
    }
   ]
  },
  "fileKeys": [
   {
    "hash": "bafybeih73bt72txsuwywuk4yswsh3wdh4rj6msaxdzxzbi4r2jifc5zsue",
    "keys": {
     "/0/exif/": "bgm6a6ogsvkbvczeo4jaghzcr5mjn4rh3tb57vzcgerw4p4koj2la",
     "/0/large/": "bq7dslf22ukgxeffrhzcpued6rsdbsgrgtip735wvcybwq4g4emwq",
     "/0/original/": "bq7dslf22ukgxeffrhzcpued6rsdbsgrgtip735wvcybwq4g4emwq",
     "/0/small/": "baashmsrr4hshkwcz5wjb2gprqrurrk5ld4dyuom2ggyw3phw7jga",
     "/0/thumb/": "bypnj56ohfryrel44urpdoqkvkgoc4igxkchyngpa3shtgmri2k6q"
    }
   }
  ]
 }
}