{
 "sbType": "Template",
 "snapshot": {
  "data": {
   "blocks": [
    {
     "id": "bafyreihzam57ibpt2zyhla2yirvj4rxhdauyt4sykdilaujl7uv5bcjq6u",
     "fields": {
       "analyticsOriginalId": ""
      },
     "restrictions": {

     },
     "childrenIds": [
      "header",
      "r-3990cbe104c930008478158eb7fa6f92"
     ],
     "smartblock": {

     }
    },
    {
     "id": "header",
     "restrictions": {
      "edit": true,
      "remove": true,
      "drag": true,
      "dropOn": true
     },
     "childrenIds": [
      "title",
      "description",
      "featuredRelations"
     ],
     "layout": {
      "style": "Header"
     }
    },
    {
     "id": "r-3990cbe104c930008478158eb7fa6f92",
     "restrictions": {

     },
     "childrenIds": [
      "ct-3990cbe104c930008478158eb7fa6f92",
      "cd-3990cbe104c930008478158eb7fa6f92"
     ],
     "layout": {

     }
    },
    {
     "id": "title",
     "fields": {
       "_detailsKey": [
          "name",
          "done"
         ]
      },
     "restrictions": {
      "remove": true,
      "drag": true,
      "dropOn": true
     },
     "text": {
      "style": "Title",
      "marks": {

      }
     }
    },
    {
     "id": "description",
     "fields": {
       "_detailsKey": "description"
      },
     "restrictions": {
      "remove": true,
      "drag": true,
      "dropOn": true
     },
     "text": {
      "style": "Description",
      "marks": {

      }
     }
    },
    {
     "id": "featuredRelations",
     "restrictions": {
      "remove": true,
      "drag": true,
      "dropOn": true
     },
     "featuredRelations": {

     }
    },
    {
     "id": "ct-3990cbe104c930008478158eb7fa6f92",
     "fields": {
       "width": 0.4119318181818182
      },
     "childrenIds": [
      "60f5be8c6cabea22ef364d7d"
     ],
     "layout": {
      "style": "Column"
     }
    },
    {
     "id": "cd-3990cbe104c930008478158eb7fa6f92",
     "fields": {
       "width": 0.5880681818181819
      },
     "childrenIds": [
      "60f5be4c6cabea22ef364d74",
      "60f5be4c6cabea22ef364d75",
      "60f5be4c6cabea22ef364d76",
      "60f5be4c6cabea22ef364d77",
      "60f5be4c6cabea22ef364d78",
      "60f5be4c6cabea22ef364d79",
      "60f5be5a6cabea22ef364d7b",
      "60f0a977d5877d31cde9f91f",
      "60f0a97cd5877d31cde9f921",
      "60f0a982d5877d31cde9f923",
      "60f0a993d5877d31cde9f927",
      "60f0a9d8d5877d31cde9f933",
      "60f0a999d5877d31cde9f929",
      "60f0a99fd5877d31cde9f92b",
      "60f0a9aad5877d31cde9f92d",
      "60f0a9e3d5877d31cde9f936",
      "60f0a9afd5877d31cde9f92f",
      "60f0a9d9d5877d31cde9f934"
     ],
     "layout": {
      "style": "Column"
     }
    },
    {
     "id": "60f5be8c6cabea22ef364d7d",
     "file": {
      "type": "Image"
     }
    },
    {
     "id": "60f5be4c6cabea22ef364d74",
     "fields": {
      },
     "text": {
      "text": "About",
      "style": "Header2",
      "marks": {

      }
     }
    },
    {
     "id": "60f5be4c6cabea22ef364d75",
     "fields": {
      },
     "text": {
      "marks": {

      }
     }
    },
    {
     "id": "60f5be4c6cabea22ef364d76",
     "fields": {
      },
     "text": {
      "marks": {

      }
     }
    },
    {
     "id": "60f5be4c6cabea22ef364d77",
     "fields": {
      },
     "text": {
      "marks": {

      }
     }
    },
    {
     "id": "60f5be4c6cabea22ef364d78",
     "fields": {
      },
     "text": {
      "marks": {

      }
     }
    },
    {
     "id": "60f5be4c6cabea22ef364d79",
     "fields": {
      },
     "text": {
      "marks": {

      }
     }
    },
    {
     "id": "60f5be5a6cabea22ef364d7b",
     "div": {

     }
    },
    {
     "id": "60f0a977d5877d31cde9f91f",
     "relation": {
      "key": "director"
     }
    },
    {
     "id": "60f0a97cd5877d31cde9f921",
     "relation": {
      "key": "stars"
     }
    },
    {
     "id": "60f0a982d5877d31cde9f923",
     "relation": {
      "key": "genre"
     }
    },
    {
     "id": "60f0a993d5877d31cde9f927",
     "relation": {
      "key": "trailer"
     }
    },
    {
     "id": "60f0a9d8d5877d31cde9f933",
     "div": {

     }
    },
    {
     "id": "60f0a999d5877d31cde9f929",
     "relation": {
      "key": "rating"
     }
    },
    {
     "id": "60f0a99fd5877d31cde9f92b",
     "relation": {
      "key": "imdbRating"
     }
    },
    {
     "id": "60f0a9aad5877d31cde9f92d",
     "relation": {
      "key": "rottenTomatoesRating"
     }
    },
    {
     "id": "60f0a9e3d5877d31cde9f936",
     "div": {

     }
    },
    {
     "id": "60f0a9afd5877d31cde9f92f",
     "relation": {
      "key": "status"
     }
    },
    {
     "id": "60f0a9d9d5877d31cde9f934",
     "text": {
      "marks": {

      }
     }
    }
   ],
   "details": {
     "65168b3c1cac630478df238b": [
        "bafyreih4ek47po7uxplkqvzreiuwpdr4wrytpmglns5lgrtbf2az6lkw3u"
       ],
     "backlinks": [
       ],
     "createdDate": 1695975622,
     "creator": "bafyreidnsorc4pykoqr7gncfik3yk2i6tylxpxrdrmnojnbk6hqwiha2di",
     "description": "",
     "featuredRelations": [
        "type",
        "tag",
        "status",
        "description"
       ],
     "id": "bafyreihzam57ibpt2zyhla2yirvj4rxhdauyt4sykdilaujl7uv5bcjq6u",
     "lastModifiedBy": "bafyreidnsorc4pykoqr7gncfik3yk2i6tylxpxrdrmnojnbk6hqwiha2di",
     "lastModifiedDate": 1695976283,
     "lastOpenedDate": 1695976270,
     "layout": 0,
     "links": [
        "bafyreih4ek47po7uxplkqvzreiuwpdr4wrytpmglns5lgrtbf2az6lkw3u"
       ],
     "name": "Movie",
     "restrictions": [
        7
       ],
     "snippet": "About",
     "sourceObject": "bafykaau5yxin3iy2ljoc2c7esrlbzjcit5dpnbkuo7jigzekccszyiuxim",
     "targetObjectType": "ot-movie",
     "type": "ot-template",
     "workspaceId": "bafyreictldkkhjkqj5gp3nm2qd2whqd5wc3kanpfnyo7sepwimwz5avluq"
    },
   "objectTypes": [
    "ot-template",
    "ot-movie"
   ],
   "relationLinks": [
    {
     "key": "createdDate",
     "format": "date"
    },
    {
     "key": "creator",
     "format": "object"
    },
    {
     "key": "type",
     "format": "object"
    },
    {
     "key": "layout",
     "format": "number"
    },
    {
     "key": "targetObjectType",
     "format": "object"
    },
    {
     "key": "id",
     "format": "object"
    },
    {
     "key": "name",
     "format": "shorttext"
    },
    {
     "key": "description"
    },
    {
     "key": "iconEmoji",
     "format": "emoji"
    },
    {
     "key": "iconImage",
     "format": "file"
    },
    {
     "key": "layoutAlign",
     "format": "number"
    },
    {
     "key": "coverId",
     "format": "shorttext"
    },
    {
     "key": "coverScale",
     "format": "number"
    },
    {
     "key": "coverType",
     "format": "number"
    },
    {
     "key": "coverX",
     "format": "number"
    },
    {
     "key": "coverY",
     "format": "number"
    },
    {
     "key": "lastModifiedDate",
     "format": "date"
    },
    {
     "key": "lastModifiedBy",
     "format": "object"
    },
    {
     "key": "lastOpenedDate",
     "format": "date"
    },
    {
     "key": "featuredRelations",
     "format": "object"
    },
    {
     "key": "isHidden",
     "format": "checkbox"
    },
    {
     "key": "isArchived",
     "format": "checkbox"
    },
    {
     "key": "snippet"
    },
    {
     "key": "director",
     "format": "object"
    },
    {
     "key": "stars",
     "format": "object"
    },
    {
     "key": "genre",
     "format": "tag"
    },
    {
     "key": "trailer",
     "format": "file"
    },
    {
     "key": "rating"
    },
    {
     "key": "imdbRating",
     "format": "number"
    },
    {
     "key": "rottenTomatoesRating",
     "format": "number"
    },
    {
     "key": "status",
     "format": "status"
    },
    {
     "key": "backlinks",
     "format": "object"
    },
    {
     "key": "sourceObject",
     "format": "object"
    },
    {
     "key": "workspaceId",
     "format": "object"
    },
    {
     "key": "isFavorite",
     "format": "checkbox"
    },
    {
     "key": "links",
     "format": "object"
    },
    {
     "key": "internalFlags",
     "format": "number"
    },
    {
     "key": "restrictions",
     "format": "number"
    },
    {
     "key": "65168b3c1cac630478df238b",
     "format": "object"
    }
   ]
  }
 }
}