{
 "sbType": "Page",
 "snapshot": {
  "data": {
   "blocks": [
    {
     "id": "bafyreibjs24mpjttt3id4fveyfnxr5sbli7f7bkqkh5lh7lv7g6oxa65jm",
     "restrictions": {

     },
     "childrenIds": [
      "header",
      "dataview"
     ],
     "smartblock": {

     }
    },
    {
     "id": "header",
     "restrictions": {
      "edit": true,
      "remove": true,
      "drag": true,
      "dropOn": true
     },
     "childrenIds": [
      "title",
      "description",
      "featuredRelations"
     ],
     "layout": {
      "style": "Header"
     }
    },
    {
     "id": "dataview",
     "dataview": {
      "views": [
       {
        "id": "651664a41cac630478df223a",
        "type": "Gallery",
        "name": "All",
        "sorts": [
         {
          "id": "651664a41cac630478df223b",
          "RelationKey": "lastModifiedDate",
          "type": "Desc"
         }
        ],
        "relations": [
         {
          "key": "name",
          "isVisible": true
         },
         {
          "key": "tag"
         },
         {
          "key": "description"
         },
         {
          "key": "type"
         },
         {
          "key": "createdDate"
         },
         {
          "key": "lastModifiedDate"
         },
         {
          "key": "lastModifiedBy"
         },
         {
          "key": "lastOpenedDate"
         },
         {
          "key": "6516633f1cac630478df221b",
          "isVisible": true,
          "width": 192
         },
         {
          "key": "6516634d1cac630478df221c",
          "isVisible": true,
          "width": 192
         }
        ],
        "coverRelationKey": "pageCover",
        "cardSize": "Medium",
        "defaultTemplateId": "blank"
       }
      ],
      "relationLinks": [
       {
        "key": "name",
        "format": "shorttext"
       },
       {
        "key": "tag",
        "format": "tag"
       },
       {
        "key": "description"
       },
       {
        "key": "type",
        "format": "object"
       },
       {
        "key": "createdDate",
        "format": "date"
       },
       {
        "key": "lastModifiedDate",
        "format": "date"
       },
       {
        "key": "lastModifiedBy",
        "format": "object"
       },
       {
        "key": "lastOpenedDate",
        "format": "date"
       },
       {
        "key": "6516633f1cac630478df221b",
        "format": "date"
       },
       {
        "key": "6516634d1cac630478df221c",
        "format": "date"
       }
      ]
     }
    },
    {
     "id": "title",
     "fields": {
       "_detailsKey": [
          "name",
          "done"
         ]
      },
     "restrictions": {
      "remove": true,
      "drag": true,
      "dropOn": true
     },
     "text": {
      "style": "Title",
      "marks": {

      }
     }
    },
    {
     "id": "description",
     "fields": {
       "_detailsKey": "description"
      },
     "restrictions": {
      "remove": true,
      "drag": true,
      "dropOn": true
     },
     "text": {
      "style": "Description",
      "marks": {

      }
     }
    },
    {
     "id": "featuredRelations",
     "restrictions": {
      "remove": true,
      "drag": true,
      "dropOn": true
     },
     "featuredRelations": {

     }
    }
   ],
   "details": {
     "backlinks": [
       ],
     "coverId": "bafybeif7cefldpvcn27sjbuemzpj4dxqydx24q2pada2kyvzmlepyedeou",
     "coverScale": 0,
     "coverType": 5,
     "coverX": 0,
     "coverY": -0.25,
     "createdDate": 1695966370,
     "creator": "bafyreidwk5a5a4p2wmjhm6axaskfeurjvhdqq26yde6agfmgzwiqy4f2vu",
     "description": "All of my trips, in one place",
     "featuredRelations": [
        "type",
        "description",
        "setOf"
       ],
     "iconEmoji": "✈️",
     "iconImage": "",
     "id": "bafyreibjs24mpjttt3id4fveyfnxr5sbli7f7bkqkh5lh7lv7g6oxa65jm",
     "lastModifiedBy": "_id_AAvoXYV97pkSL2t8Rz4WQCe6gJk4YfPLTJ7heCqhGk5ERouc",
     "lastModifiedDate": 1702405384,
     "lastOpenedDate": 1702405262,
     "layout": 3,
     "links": [
       ],
     "name": "My Trip Planner",
     "restrictions": [
        3,
        6,
        5,
        7
       ],
     "setOf": [
        "bafyreietfermac3yld42jvm2hvia4v5fzmbufdcsmajjhke2unldywxkv4"
       ],
     "snippet": "",
     "spaceId": "bafyreie6dkeitgoxarvm3cpojzr2w2mnve4v3mozafojumqpnrwlydtbxa.25zpzkdbd0rle",
     "type": "bafyreidk6amfp346purlfpte2cbaortac2o25pbtaxsrh2qga5wo2dnueu",
     "workspaceId": "bafyreif4sfohsyk6begdujt3zosycmtt774vzo5wnhn3nkwfcizn4psini"
    },
   "objectTypes": [
    "ot-set"
   ],
   "relationLinks": [
    {
     "key": "workspaceId",
     "format": "object"
    },
    {
     "key": "createdDate",
     "format": "date"
    },
    {
     "key": "creator",
     "format": "object"
    },
    {
     "key": "type",
     "format": "object"
    },
    {
     "key": "id",
     "format": "object"
    },
    {
     "key": "snippet"
    },
    {
     "key": "internalFlags",
     "format": "number"
    },
    {
     "key": "backlinks",
     "format": "object"
    },
    {
     "key": "layout",
     "format": "number"
    },
    {
     "key": "name",
     "format": "shorttext"
    },
    {
     "key": "description"
    },
    {
     "key": "iconEmoji",
     "format": "emoji"
    },
    {
     "key": "iconImage",
     "format": "file"
    },
    {
     "key": "layoutAlign",
     "format": "number"
    },
    {
     "key": "coverId"
    },
    {
     "key": "coverScale",
     "format": "number"
    },
    {
     "key": "coverType",
     "format": "number"
    },
    {
     "key": "coverX",
     "format": "number"
    },
    {
     "key": "coverY",
     "format": "number"
    },
    {
     "key": "lastModifiedDate",
     "format": "date"
    },
    {
     "key": "lastModifiedBy",
     "format": "object"
    },
    {
     "key": "lastOpenedDate",
     "format": "date"
    },
    {
     "key": "featuredRelations",
     "format": "object"
    },
    {
     "key": "isFavorite",
     "format": "checkbox"
    },
    {
     "key": "links",
     "format": "object"
    },
    {
     "key": "restrictions",
     "format": "number"
    },
    {
     "key": "setOf",
     "format": "object"
    },
    {
     "key": "spaceId",
     "format": "object"
    }
   ]
  },
  "fileKeys": [
   {
    "hash": "bafybeif7cefldpvcn27sjbuemzpj4dxqydx24q2pada2kyvzmlepyedeou",
    "keys": {
     "/0/exif/": "bg57jcijij4rkkxjuunl37glsgffs75jffmry5xghbfp3hpyuznyq",
     "/0/large/": "bptf3fnbljlyu32rorkksvzgiqgjv34f5dujb7mh6hxmp3djf3eca",
     "/0/original/": "bptf3fnbljlyu32rorkksvzgiqgjv34f5dujb7mh6hxmp3djf3eca",
     "/0/small/": "bbhwl3f3mrux5xg4pkhau7xvy2ljtmzligdj3js47yqw7w3f2g25a",
     "/0/thumb/": "bjnow263xw7q3nznwbdbxx5t64zlo37k7tpikfe5g7ltmc7tsytgq"
    }
   }
  ]
 }
}