{
 "sbType": "Page",
 "snapshot": {
  "data": {
   "blocks": [
    {
     "id": "bafyreieykbvahlebgdryhf2zv4qoelo6xssf52jhhrvrbwlqluvotciyaa",
     "restrictions": {

     },
     "childrenIds": [
      "header",
      "source",
      "tag"
     ],
     "smartblock": {

     }
    },
    {
     "id": "header",
     "restrictions": {
      "edit": true,
      "remove": true,
      "drag": true,
      "dropOn": true
     },
     "childrenIds": [
      "title",
      "description",
      "featuredRelations"
     ],
     "layout": {
      "style": "Header"
     }
    },
    {
     "id": "source",
     "relation": {
      "key": "source"
     }
    },
    {
     "id": "tag",
     "relation": {
      "key": "tag"
     }
    },
    {
     "id": "title",
     "fields": {
       "_detailsKey": [
          "name",
          "done"
         ]
      },
     "restrictions": {
      "remove": true,
      "drag": true,
      "dropOn": true
     },
     "text": {
      "style": "Title",
      "marks": {

      }
     }
    },
    {
     "id": "description",
     "fields": {
       "_detailsKey": "description"
      },
     "restrictions": {
      "remove": true,
      "drag": true,
      "dropOn": true
     },
     "text": {
      "style": "Description",
      "marks": {

      }
     }
    },
    {
     "id": "featuredRelations",
     "restrictions": {
      "remove": true,
      "drag": true,
      "dropOn": true
     },
     "featuredRelations": {

     }
    }
   ],
   "details": {
     "backlinks": [
        "bafyreiaqfich3syvsrhip3zs73fghfrukrsonvf5tk3veaevn6j3sbn64u"
       ],
     "createdDate": 1695967122,
     "creator": "bafyreidwk5a5a4p2wmjhm6axaskfeurjvhdqq26yde6agfmgzwiqy4f2vu",
     "description": "Plataforma Oficial de reservas Caminito del Rey. Compra aquí tus entradas para el Caminito del Rey. Aquí puedes encontrar toda la información del Caminito del Rey y su entorno privilegiado.",
     "featuredRelations": [
        "description",
        "type",
        "createdDate"
       ],
     "iconImage": "bafybeidloryjkgixufghtbkk2btuyf633yuv3y6qcxjq4usgpj35nidln4",
     "id": "bafyreieykbvahlebgdryhf2zv4qoelo6xssf52jhhrvrbwlqluvotciyaa",
     "lastModifiedBy": "_id_AAvoXYV97pkSL2t8Rz4WQCe6gJk4YfPLTJ7heCqhGk5ERouc",
     "lastModifiedDate": 1702405257,
     "layout": 11,
     "links": [
       ],
     "name": "Plataforma Oficial de reservas Caminito del Rey",
     "picture": "",
     "restrictions": [
       ],
     "snippet": "",
     "source": "https://www.caminitodelrey.info",
     "spaceId": "bafyreie6dkeitgoxarvm3cpojzr2w2mnve4v3mozafojumqpnrwlydtbxa.25zpzkdbd0rle",
     "type": "bafyreibktdreoi6daw4ulaewkvlhus2xkqgyrof2fullmcfbnko5h54xua",
     "workspaceId": "bafyreif4sfohsyk6begdujt3zosycmtt774vzo5wnhn3nkwfcizn4psini"
    },
   "objectTypes": [
    "ot-bookmark"
   ],
   "relationLinks": [
    {
     "key": "workspaceId",
     "format": "object"
    },
    {
     "key": "createdDate",
     "format": "date"
    },
    {
     "key": "creator",
     "format": "object"
    },
    {
     "key": "type",
     "format": "object"
    },
    {
     "key": "id",
     "format": "object"
    },
    {
     "key": "snippet"
    },
    {
     "key": "source",
     "format": "url"
    },
    {
     "key": "backlinks",
     "format": "object"
    },
    {
     "key": "layout",
     "format": "number"
    },
    {
     "key": "name",
     "format": "shorttext"
    },
    {
     "key": "description"
    },
    {
     "key": "iconEmoji",
     "format": "emoji"
    },
    {
     "key": "iconImage",
     "format": "file"
    },
    {
     "key": "layoutAlign",
     "format": "number"
    },
    {
     "key": "coverId"
    },
    {
     "key": "coverScale",
     "format": "number"
    },
    {
     "key": "coverType",
     "format": "number"
    },
    {
     "key": "coverX",
     "format": "number"
    },
    {
     "key": "coverY",
     "format": "number"
    },
    {
     "key": "lastModifiedDate",
     "format": "date"
    },
    {
     "key": "lastModifiedBy",
     "format": "object"
    },
    {
     "key": "lastOpenedDate",
     "format": "date"
    },
    {
     "key": "featuredRelations",
     "format": "object"
    },
    {
     "key": "isFavorite",
     "format": "checkbox"
    },
    {
     "key": "links",
     "format": "object"
    },
    {
     "key": "internalFlags",
     "format": "number"
    },
    {
     "key": "restrictions",
     "format": "number"
    },
    {
     "key": "tag",
     "format": "tag"
    },
    {
     "key": "picture",
     "format": "file"
    },
    {
     "key": "spaceId",
     "format": "object"
    }
   ]
  },
  "fileKeys": [
   {
    "hash": "bafybeidloryjkgixufghtbkk2btuyf633yuv3y6qcxjq4usgpj35nidln4",
    "keys": {
     "/0/exif/": "bj3rw6arphl73lvhlootjxc7zr5knjychbwut2a3szqf5bwdmfxqq",
     "/0/large/": "bqbjwmmx2e2727fndvybof645hljodo7luqqcvesnqboydsjbzmsa",
     "/0/original/": "bqbjwmmx2e2727fndvybof645hljodo7luqqcvesnqboydsjbzmsa",
     "/0/small/": "bqbjwmmx2e2727fndvybof645hljodo7luqqcvesnqboydsjbzmsa",
     "/0/thumb/": "bqbjwmmx2e2727fndvybof645hljodo7luqqcvesnqboydsjbzmsa"
    }
   }
  ]
 }
}