{
 "sbType": "STType",
 "snapshot": {
  "data": {
   "blocks": [
    {
     "id": "bafyreicfiz4sfqjqhpf3mgkrsmhlutd4uf6mna5af2gaplo7zsww7tmyqm",
     "restrictions": {

     },
     "childrenIds": [
      "header"
     ],
     "smartblock": {

     }
    },
    {
     "id": "header",
     "restrictions": {
      "edit": true,
      "remove": true,
      "drag": true,
      "dropOn": true
     },
     "childrenIds": [
      "title",
      "featuredRelations"
     ],
     "layout": {
      "style": "Header"
     }
    },
    {
     "id": "title",
     "fields": {
       "_detailsKey": [
          "name",
          "done"
         ]
      },
     "restrictions": {
      "remove": true,
      "drag": true,
      "dropOn": true
     },
     "text": {
      "style": "Title",
      "marks": {

      }
     }
    },
    {
     "id": "featuredRelations",
     "restrictions": {
      "remove": true,
      "drag": true,
      "dropOn": true
     },
     "featuredRelations": {

     }
    }
   ],
   "details": {
     "backlinks": [
       ],
     "createdDate": 1702405257,
     "creator": "_id_AAvoXYV97pkSL2t8Rz4WQCe6gJk4YfPLTJ7heCqhGk5ERouc",
     "description": "Auto-generated object from .wav, .mp3, .ogg files added to Anytype. Sound when recorded, with ability to reproduce",
     "featuredRelations": [
        "type"
       ],
     "iconEmoji": "🎵",
     "id": "bafyreicfiz4sfqjqhpf3mgkrsmhlutd4uf6mna5af2gaplo7zsww7tmyqm",
     "isHidden": false,
     "isReadonly": true,
     "lastModifiedBy": "_id_AAvoXYV97pkSL2t8Rz4WQCe6gJk4YfPLTJ7heCqhGk5ERouc",
     "lastModifiedDate": 1702405257,
     "layout": 4,
     "links": [
       ],
     "name": "Audio",
     "recommendedLayout": 6,
     "recommendedRelations": [
        "bafyreibuy4kbn6kdcwunem2tyjvdw7p7g52yqco7czpxfr4vo7zyhjuzbq",
        "bafyreib2qjmlnrqmzk7nyv64bd72jribew57mebgavrw72iuqtbwg52gju",
        "bafyreiajwtc3tmheys2agnnvl6budey35o6e2ecuo2wn3223jgf7zgdls4",
        "bafyreicjsbcj5ultxg4qm2mfqvsdaifbqh5524tyecpawt4pyyfetjawu4",
        "bafyreie7aiherj32aguzyfpet3eldhpkhvxjjqs53oxq5zoafpkznk6k3m",
        "bafyreifdjopyhgffm2ahfzz4d6swjsjij5jtgrku62zqirgywre6lx2qrq",
        "bafyreifocm34mhfep2tsihggyccl6pa3s4hg7izlqepkhvnox7hrzhxwba",
        "bafyreiewbw7j3cmsfasyptpkm3ifelbdxio33dydcgjrmwfhaujecnyxum",
        "bafyreibtxt2qjgrtyuktnyp76fkxu5tpddmihn5csgijljpnk5m3ifbaqi",
        "bafyreidrj7ccrlab3kij4ma2oodldiz6i2fsvalrdcxjefdkcli3pb2msa",
        "bafyreiejmcd3zkujc74eboxgeczqgnim35goi2tol4c36gozrkamdsqdci",
        "bafyreig573i6iohm3t6h4gegpmj57qw2ybnqjsqehvq6nd2puylxzicsfy",
        "bafyreiaiowmubfo5lnwr3s6y737mv3wx5tfyhwthtyds4osv3luv67jzxu"
       ],
     "restrictions": [
        3,
        6,
        5,
        7,
        4,
        1
       ],
     "smartblockTypes": [
        256
       ],
     "snippet": "",
     "sourceObject": "_otaudio",
     "spaceId": "bafyreie6dkeitgoxarvm3cpojzr2w2mnve4v3mozafojumqpnrwlydtbxa.25zpzkdbd0rle",
     "type": "bafyreiho7bspempmhyarhiun2tmfwavrr7uoge5woybrisqhr35q5zkarq",
     "uniqueKey": "ot-audio"
    },
   "objectTypes": [
    "ot-objectType"
   ],
   "relationLinks": [
    {
     "key": "layout",
     "format": "number"
    },
    {
     "key": "sourceObject",
     "format": "object"
    },
    {
     "key": "name",
     "format": "shorttext"
    },
    {
     "key": "description"
    },
    {
     "key": "smartblockTypes",
     "format": "number"
    },
    {
     "key": "recommendedRelations",
     "format": "object"
    },
    {
     "key": "isHidden",
     "format": "checkbox"
    },
    {
     "key": "iconEmoji",
     "format": "emoji"
    },
    {
     "key": "recommendedLayout",
     "format": "number"
    },
    {
     "key": "backlinks",
     "format": "object"
    },
    {
     "key": "creator",
     "format": "object"
    },
    {
     "key": "createdDate",
     "format": "date"
    },
    {
     "key": "id",
     "format": "object"
    },
    {
     "key": "spaceId",
     "format": "object"
    },
    {
     "key": "type",
     "format": "object"
    },
    {
     "key": "uniqueKey"
    },
    {
     "key": "isReadonly",
     "format": "checkbox"
    },
    {
     "key": "snippet"
    },
    {
     "key": "iconImage",
     "format": "file"
    },
    {
     "key": "layoutAlign",
     "format": "number"
    },
    {
     "key": "coverId"
    },
    {
     "key": "coverScale",
     "format": "number"
    },
    {
     "key": "coverType",
     "format": "number"
    },
    {
     "key": "coverX",
     "format": "number"
    },
    {
     "key": "coverY",
     "format": "number"
    },
    {
     "key": "lastModifiedDate",
     "format": "date"
    },
    {
     "key": "lastModifiedBy",
     "format": "object"
    },
    {
     "key": "lastOpenedDate",
     "format": "date"
    },
    {
     "key": "featuredRelations",
     "format": "object"
    },
    {
     "key": "isFavorite",
     "format": "checkbox"
    },
    {
     "key": "workspaceId",
     "format": "object"
    },
    {
     "key": "links",
     "format": "object"
    },
    {
     "key": "internalFlags",
     "format": "number"
    },
    {
     "key": "restrictions",
     "format": "number"
    }
   ],
   "key": "audio"
  }
 }
}