{
 "sbType": "ProfilePage",
 "snapshot": {
  "data": {
   "blocks": [
    {
     "id": "bafyreidwk5a5a4p2wmjhm6axaskfeurjvhdqq26yde6agfmgzwiqy4f2vu",
     "restrictions": {

     },
     "childrenIds": [
      "header"
     ],
     "smartblock": {

     }
    },
    {
     "id": "header",
     "restrictions": {
      "edit": true,
      "remove": true,
      "drag": true,
      "dropOn": true
     },
     "childrenIds": [
      "title",
      "identity",
      "featuredRelations"
     ],
     "layout": {
      "style": "Header"
     }
    },
    {
     "id": "title",
     "fields": {
       "_detailsKey": [
          "name",
          "done"
         ]
      },
     "restrictions": {
      "remove": true,
      "drag": true,
      "dropOn": true
     },
     "align": "AlignCenter",
     "text": {
      "style": "Title",
      "marks": {

      }
     }
    },
    {
     "id": "identity",
     "restrictions": {
      "edit": true,
      "remove": true,
      "drag": true,
      "dropOn": true
     },
     "relation": {
      "key": "profileOwnerIdentity"
     }
    },
    {
     "id": "featuredRelations",
     "restrictions": {
      "remove": true,
      "drag": true,
      "dropOn": true
     },
     "align": "AlignCenter",
     "featuredRelations": {

     }
    }
   ],
   "details": {
     "backlinks": [
       ],
     "createdDate": 1695965903,
     "creator": "_id_AAvoXYV97pkSL2t8Rz4WQCe6gJk4YfPLTJ7heCqhGk5ERouc",
     "iconOption": 5,
     "id": "bafyreidwk5a5a4p2wmjhm6axaskfeurjvhdqq26yde6agfmgzwiqy4f2vu",
     "isHidden": true,
     "lastModifiedBy": "_id_AAvoXYV97pkSL2t8Rz4WQCe6gJk4YfPLTJ7heCqhGk5ERouc",
     "lastModifiedDate": 1702405435,
     "layout": 1,
     "layoutAlign": 1,
     "links": [
       ],
     "name": "Travel Planner",
     "profileOwnerIdentity": "_id_AAvoXYV97pkSL2t8Rz4WQCe6gJk4YfPLTJ7heCqhGk5ERouc",
     "restrictions": [
        6,
        5,
        1,
        8
       ],
     "snippet": "",
     "spaceId": "bafyreie6dkeitgoxarvm3cpojzr2w2mnve4v3mozafojumqpnrwlydtbxa.25zpzkdbd0rle",
     "type": "bafyreichftchvk4ev5vd2ucg77ascjoj25g2vfehmrolx2rxgdimof4xju",
     "workspaceId": "bafyreif4sfohsyk6begdujt3zosycmtt774vzo5wnhn3nkwfcizn4psini"
    },
   "objectTypes": [
    "ot-profile"
   ],
   "relationLinks": [
    {
     "key": "id",
     "format": "object"
    },
    {
     "key": "snippet"
    },
    {
     "key": "workspaceId",
     "format": "object"
    },
    {
     "key": "backlinks",
     "format": "object"
    },
    {
     "key": "creator",
     "format": "object"
    },
    {
     "key": "type",
     "format": "object"
    },
    {
     "key": "layout",
     "format": "number"
    },
    {
     "key": "layoutAlign",
     "format": "number"
    },
    {
     "key": "name",
     "format": "shorttext"
    },
    {
     "key": "description"
    },
    {
     "key": "iconEmoji",
     "format": "emoji"
    },
    {
     "key": "iconImage",
     "format": "file"
    },
    {
     "key": "coverId"
    },
    {
     "key": "coverScale",
     "format": "number"
    },
    {
     "key": "coverType",
     "format": "number"
    },
    {
     "key": "coverX",
     "format": "number"
    },
    {
     "key": "coverY",
     "format": "number"
    },
    {
     "key": "createdDate",
     "format": "date"
    },
    {
     "key": "lastModifiedDate",
     "format": "date"
    },
    {
     "key": "lastModifiedBy",
     "format": "object"
    },
    {
     "key": "lastOpenedDate",
     "format": "date"
    },
    {
     "key": "featuredRelations",
     "format": "object"
    },
    {
     "key": "isFavorite",
     "format": "checkbox"
    },
    {
     "key": "links",
     "format": "object"
    },
    {
     "key": "internalFlags",
     "format": "number"
    },
    {
     "key": "restrictions",
     "format": "number"
    },
    {
     "key": "iconOption",
     "format": "number"
    },
    {
     "key": "profileOwnerIdentity",
     "format": "shorttext"
    },
    {
     "key": "spaceId",
     "format": "object"
    },
    {
     "key": "isHidden",
     "format": "checkbox"
    }
   ]
  }
 }
}