{
 "sbType": "STType",
 "snapshot": {
  "data": {
   "blocks": [
    {
     "id": "bafyreiemwi7cg3nfwrd7gnnnmwk562rbmprtnriktyik7x24ns2ovfegoy",
     "restrictions": {

     },
     "childrenIds": [
      "header"
     ],
     "smartblock": {

     }
    },
    {
     "id": "header",
     "restrictions": {
      "edit": true,
      "remove": true,
      "drag": true,
      "dropOn": true
     },
     "childrenIds": [
      "title",
      "featuredRelations"
     ],
     "layout": {
      "style": "Header"
     }
    },
    {
     "id": "title",
     "fields": {
       "_detailsKey": [
          "name",
          "done"
         ]
      },
     "restrictions": {
      "remove": true,
      "drag": true,
      "dropOn": true
     },
     "text": {
      "style": "Title",
      "marks": {

      }
     }
    },
    {
     "id": "featuredRelations",
     "restrictions": {
      "remove": true,
      "drag": true,
      "dropOn": true
     },
     "featuredRelations": {

     }
    }
   ],
   "details": {
     "backlinks": [
       ],
     "createdDate": 1702405257,
     "creator": "_id_AAvoXYV97pkSL2t8Rz4WQCe6gJk4YfPLTJ7heCqhGk5ERouc",
     "description": "Auto-generated object from .jpg \u0026 .png files added to Anytype. A representation of the external form of a person or thing in art",
     "featuredRelations": [
        "type"
       ],
     "iconEmoji": "🏞",
     "id": "bafyreiemwi7cg3nfwrd7gnnnmwk562rbmprtnriktyik7x24ns2ovfegoy",
     "isHidden": false,
     "isReadonly": true,
     "lastModifiedBy": "_id_AAvoXYV97pkSL2t8Rz4WQCe6gJk4YfPLTJ7heCqhGk5ERouc",
     "lastModifiedDate": 1702405257,
     "layout": 4,
     "links": [
       ],
     "name": "Image",
     "recommendedLayout": 8,
     "recommendedRelations": [
        "bafyreibtxt2qjgrtyuktnyp76fkxu5tpddmihn5csgijljpnk5m3ifbaqi",
        "bafyreid3bfil3wm4siufbd52ybygaz45b2wyow2qpzhktdplk2cygxuhay",
        "bafyreidzl67deslplx5ixje4cgmtph2yyqi54svflsg2sfukbn226h7ai4",
        "bafyreihao4ngqw4eqvgdmiaucxmxd7w6ibh7ngz7gqpcvakh6zz5nwp3pu",
        "bafyreiewbw7j3cmsfasyptpkm3ifelbdxio33dydcgjrmwfhaujecnyxum",
        "bafyreibr4cffoomk3ks3k6qdm3tk7hlwibj46xsinipmswcs5pgo7zwsyi",
        "bafyreic2a3kn7tvs5eth5t47l3xlzjonrdv3jvrgwg6py3zxrilsq7tcp4",
        "bafyreiggzqsqc5s2iqwxa7bh72wtlfsq37xxlfyznrwpqve2m5iho2xlte",
        "bafyreidrj7ccrlab3kij4ma2oodldiz6i2fsvalrdcxjefdkcli3pb2msa",
        "bafyreia5cr275fzzrdyqshje6nmikn6y2ppxt3viipdkp67jfnwgqpnwve",
        "bafyreiejmcd3zkujc74eboxgeczqgnim35goi2tol4c36gozrkamdsqdci",
        "bafyreicwu53cyqk4artbgm3wxya3ydpcafktgub4nnkjfmipe45osh6io4"
       ],
     "restrictions": [
        3,
        6,
        5,
        7,
        4,
        1
       ],
     "smartblockTypes": [
        256
       ],
     "snippet": "",
     "sourceObject": "_otimage",
     "spaceId": "bafyreie6dkeitgoxarvm3cpojzr2w2mnve4v3mozafojumqpnrwlydtbxa.25zpzkdbd0rle",
     "type": "bafyreiho7bspempmhyarhiun2tmfwavrr7uoge5woybrisqhr35q5zkarq",
     "uniqueKey": "ot-image"
    },
   "objectTypes": [
    "ot-objectType"
   ],
   "relationLinks": [
    {
     "key": "isHidden",
     "format": "checkbox"
    },
    {
     "key": "name",
     "format": "shorttext"
    },
    {
     "key": "recommendedRelations",
     "format": "object"
    },
    {
     "key": "iconEmoji",
     "format": "emoji"
    },
    {
     "key": "sourceObject",
     "format": "object"
    },
    {
     "key": "smartblockTypes",
     "format": "number"
    },
    {
     "key": "description"
    },
    {
     "key": "recommendedLayout",
     "format": "number"
    },
    {
     "key": "layout",
     "format": "number"
    },
    {
     "key": "backlinks",
     "format": "object"
    },
    {
     "key": "creator",
     "format": "object"
    },
    {
     "key": "createdDate",
     "format": "date"
    },
    {
     "key": "id",
     "format": "object"
    },
    {
     "key": "spaceId",
     "format": "object"
    },
    {
     "key": "type",
     "format": "object"
    },
    {
     "key": "uniqueKey"
    },
    {
     "key": "isReadonly",
     "format": "checkbox"
    },
    {
     "key": "snippet"
    },
    {
     "key": "iconImage",
     "format": "file"
    },
    {
     "key": "layoutAlign",
     "format": "number"
    },
    {
     "key": "coverId"
    },
    {
     "key": "coverScale",
     "format": "number"
    },
    {
     "key": "coverType",
     "format": "number"
    },
    {
     "key": "coverX",
     "format": "number"
    },
    {
     "key": "coverY",
     "format": "number"
    },
    {
     "key": "lastModifiedDate",
     "format": "date"
    },
    {
     "key": "lastModifiedBy",
     "format": "object"
    },
    {
     "key": "lastOpenedDate",
     "format": "date"
    },
    {
     "key": "featuredRelations",
     "format": "object"
    },
    {
     "key": "isFavorite",
     "format": "checkbox"
    },
    {
     "key": "workspaceId",
     "format": "object"
    },
    {
     "key": "links",
     "format": "object"
    },
    {
     "key": "internalFlags",
     "format": "number"
    },
    {
     "key": "restrictions",
     "format": "number"
    }
   ],
   "key": "image"
  }
 }
}