{
 "sbType": "Widget",
 "snapshot": {
  "data": {
   "blocks": [
    {
     "id": "bafyreifunad367z65hf2mtafwt62p2dtlvidip4irmsawruurnpjqdivii",
     "childrenIds": [
      "651662e91cac630478df21f7",
      "651662e91cac630478df21fb"
     ],
     "smartblock": {

     }
    },
    {
     "id": "651662e91cac630478df21f7",
     "childrenIds": [
      "651662e91cac630478df21f6"
     ],
     "widget": {

     }
    },
    {
     "id": "651662e91cac630478df21fb",
     "childrenIds": [
      "651662e91cac630478df21fa"
     ],
     "widget": {
      "layout": "CompactList"
     }
    },
    {
     "id": "651662e91cac630478df21f6",
     "link": {
      "targetBlockId": "bafyreidpywxv4zeksw4u7ptvqyazpf6zc7renraskwfzmf7ntpf6iqbvq4",
      "cardStyle": "Inline"
     }
    },
    {
     "id": "651662e91cac630478df21fa",
     "link": {
      "targetBlockId": "set",
      "cardStyle": "Inline"
     }
    }
   ],
   "details": {
     "backlinks": [
       ],
     "createdDate": 1695965903,
     "creator": "_id_AAvoXYV97pkSL2t8Rz4WQCe6gJk4YfPLTJ7heCqhGk5ERouc",
     "id": "bafyreifunad367z65hf2mtafwt62p2dtlvidip4irmsawruurnpjqdivii",
     "isHidden": true,
     "lastModifiedBy": "_id_AAvoXYV97pkSL2t8Rz4WQCe6gJk4YfPLTJ7heCqhGk5ERouc",
     "lastModifiedDate": 1702405257,
     "lastOpenedDate": 1702405258,
     "layout": 7,
     "links": [
        "bafyreidpywxv4zeksw4u7ptvqyazpf6zc7renraskwfzmf7ntpf6iqbvq4",
        "set"
       ],
     "restrictions": [
        2,
        4,
        1,
        6,
        5,
        7,
        8
       ],
     "snippet": "",
     "spaceId": "bafyreie6dkeitgoxarvm3cpojzr2w2mnve4v3mozafojumqpnrwlydtbxa.25zpzkdbd0rle",
     "type": "bafyreidf67fw43wvzuj2msx55rsbsc7qe4xdspfht4kebx66hjnfo3ziy4",
     "workspaceId": "bafyreif4sfohsyk6begdujt3zosycmtt774vzo5wnhn3nkwfcizn4psini"
    },
   "objectTypes": [
    "ot-dashboard"
   ],
   "relationLinks": [
    {
     "key": "id",
     "format": "object"
    },
    {
     "key": "snippet"
    },
    {
     "key": "workspaceId",
     "format": "object"
    },
    {
     "key": "backlinks",
     "format": "object"
    },
    {
     "key": "creator",
     "format": "object"
    },
    {
     "key": "type",
     "format": "object"
    },
    {
     "key": "layout",
     "format": "number"
    },
    {
     "key": "isHidden",
     "format": "checkbox"
    },
    {
     "key": "lastModifiedBy",
     "format": "object"
    },
    {
     "key": "lastModifiedDate",
     "format": "date"
    },
    {
     "key": "restrictions",
     "format": "number"
    },
    {
     "key": "lastOpenedDate",
     "format": "date"
    },
    {
     "key": "links",
     "format": "object"
    },
    {
     "key": "createdDate",
     "format": "date"
    },
    {
     "key": "spaceId",
     "format": "object"
    }
   ]
  }
 }
}