{
 "sbType": "Template",
 "snapshot": {
  "data": {
   "blocks": [
    {
     "id": "bafyreia7h77ljaf2mrhzlampjpq72wvkwq33ff43i5d2gqlasd6d4gnooy",
     "restrictions": {

     },
     "childrenIds": [
      "header",
      "div-646b9d4d1cac63ab08a03c17",
      "div-646b9d4d1cac63ab08a03c18",
      "651664111cac630478df2230"
     ],
     "smartblock": {

     }
    },
    {
     "id": "header",
     "restrictions": {
      "edit": true,
      "remove": true,
      "drag": true,
      "dropOn": true
     },
     "childrenIds": [
      "title",
      "description",
      "featuredRelations"
     ],
     "layout": {
      "style": "Header"
     }
    },
    {
     "id": "div-646b9d4d1cac63ab08a03c17",
     "restrictions": {

     },
     "childrenIds": [
      "6447d4a81cac6305de8ea0d0",
      "6447d4ac1cac6305de8ea0d1",
      "6447d4b11cac6305de8ea0d3",
      "6447d6b81cac6305de8ea0de",
      "6516644b1cac630478df2234",
      "644ead541cac637ebbd1c056",
      "646b9cfe1cac63ab08a03c14",
      "6447d4cf1cac6305de8ea0d4",
      "644eadbc1cac637ebbd1c05a",
      "651663a51cac630478df2221",
      "651663a61cac630478df2222",
      "646b9ccc1cac63ab08a03c11",
      "6447d4d21cac6305de8ea0d5"
     ],
     "layout": {
      "style": "Div"
     }
    },
    {
     "id": "div-646b9d4d1cac63ab08a03c18",
     "restrictions": {

     },
     "childrenIds": [
      "651663b31cac630478df2223",
      "6447d4db1cac6305de8ea0d6",
      "651663bb1cac630478df2224",
      "6447d4df1cac6305de8ea0d7",
      "651663c31cac630478df2225",
      "646b9d431cac63ab08a03c16",
      "6447d53d1cac6305de8ea0d9",
      "r-0589b021e786cbfaf279d006cc6b3019",
      "r-67c65bca07de7b870216050d50fbb2f5",
      "6447d5371cac6305de8ea0d8",
      "64525ecb090478aa6baf377f",
      "6516640b1cac630478df222d",
      "64525f31090478aa6baf3786",
      "6516640e1cac630478df222e",
      "64525f35090478aa6baf3787",
      "651664101cac630478df222f"
     ],
     "layout": {
      "style": "Div"
     }
    },
    {
     "id": "651664111cac630478df2230",
     "restrictions": {

     },
     "text": {
      "marks": {

      }
     }
    },
    {
     "id": "title",
     "fields": {
       "_detailsKey": [
          "name",
          "done"
         ]
      },
     "restrictions": {
      "remove": true,
      "drag": true,
      "dropOn": true
     },
     "text": {
      "style": "Title",
      "marks": {

      }
     }
    },
    {
     "id": "description",
     "fields": {
       "_detailsKey": "description"
      },
     "restrictions": {
      "remove": true,
      "drag": true,
      "dropOn": true
     },
     "text": {
      "style": "Description",
      "marks": {

      }
     }
    },
    {
     "id": "featuredRelations",
     "restrictions": {
      "remove": true,
      "drag": true,
      "dropOn": true
     },
     "featuredRelations": {

     }
    },
    {
     "id": "6447d4a81cac6305de8ea0d0",
     "restrictions": {

     },
     "relation": {
      "key": "6516633f1cac630478df221b"
     }
    },
    {
     "id": "6447d4ac1cac6305de8ea0d1",
     "restrictions": {

     },
     "relation": {
      "key": "6516634d1cac630478df221c"
     }
    },
    {
     "id": "6447d4b11cac6305de8ea0d3",
     "restrictions": {

     },
     "text": {
      "text": "Flight Info",
      "style": "Header2",
      "marks": {
       "marks": [
        {
         "range": {
          "to": 11
         },
         "type": "Bold"
        }
       ]
      }
     }
    },
    {
     "id": "6447d6b81cac6305de8ea0de",
     "restrictions": {

     },
     "relation": {
      "key": "6516636f1cac630478df221d"
     }
    },
    {
     "id": "6516644b1cac630478df2234",
     "relation": {
      "key": "time"
     }
    },
    {
     "id": "644ead541cac637ebbd1c056",
     "restrictions": {

     },
     "childrenIds": [
      "6516639a1cac630478df2220"
     ],
     "text": {
      "text": "Boarding pass",
      "marks": {
       "marks": [
        {
         "range": {
          "to": 13
         },
         "type": "Bold"
        }
       ]
      }
     }
    },
    {
     "id": "646b9cfe1cac63ab08a03c14",
     "restrictions": {

     },
     "text": {
      "marks": {

      }
     }
    },
    {
     "id": "6447d4cf1cac6305de8ea0d4",
     "restrictions": {

     },
     "text": {
      "text": "Packing List",
      "style": "Header2",
      "marks": {
       "marks": [
        {
         "range": {
          "to": 12
         },
         "type": "Bold"
        }
       ]
      }
     }
    },
    {
     "id": "644eadbc1cac637ebbd1c05a",
     "restrictions": {

     },
     "text": {
      "text": "Item 1",
      "style": "Checkbox",
      "marks": {

      },
      "color": "grey"
     }
    },
    {
     "id": "651663a51cac630478df2221",
     "restrictions": {

     },
     "text": {
      "text": "Item 2",
      "style": "Checkbox",
      "marks": {

      },
      "color": "grey"
     }
    },
    {
     "id": "651663a61cac630478df2222",
     "restrictions": {

     },
     "text": {
      "text": "Item 3",
      "style": "Checkbox",
      "marks": {

      },
      "color": "grey"
     }
    },
    {
     "id": "646b9ccc1cac63ab08a03c11",
     "restrictions": {

     },
     "text": {
      "marks": {

      }
     }
    },
    {
     "id": "6447d4d21cac6305de8ea0d5",
     "restrictions": {

     },
     "text": {
      "text": "Accommodation",
      "style": "Header2",
      "marks": {
       "marks": [
        {
         "range": {
          "to": 13
         },
         "type": "Bold"
        }
       ]
      }
     }
    },
    {
     "id": "651663b31cac630478df2223",
     "bookmark": {

     }
    },
    {
     "id": "6447d4db1cac6305de8ea0d6",
     "restrictions": {

     },
     "text": {
      "text": "Car Rental Info",
      "style": "Header2",
      "marks": {
       "marks": [
        {
         "range": {
          "to": 15
         },
         "type": "Bold"
        }
       ]
      }
     }
    },
    {
     "id": "651663bb1cac630478df2224",
     "file": {
      "type": "PDF"
     }
    },
    {
     "id": "6447d4df1cac6305de8ea0d7",
     "restrictions": {

     },
     "text": {
      "text": "History",
      "style": "Header2",
      "marks": {
       "marks": [
        {
         "range": {
          "to": 7
         },
         "type": "Bold"
        }
       ]
      }
     }
    },
    {
     "id": "651663c31cac630478df2225",
     "restrictions": {

     },
     "text": {
      "marks": {

      }
     }
    },
    {
     "id": "646b9d431cac63ab08a03c16",
     "text": {
      "marks": {

      }
     }
    },
    {
     "id": "6447d53d1cac6305de8ea0d9",
     "restrictions": {

     },
     "text": {
      "text": "Attractions",
      "style": "Header2",
      "marks": {
       "marks": [
        {
         "range": {
          "to": 11
         },
         "type": "Bold"
        }
       ]
      }
     }
    },
    {
     "id": "r-0589b021e786cbfaf279d006cc6b3019",
     "restrictions": {

     },
     "childrenIds": [
      "ct-0589b021e786cbfaf279d006cc6b3019",
      "cd-0589b021e786cbfaf279d006cc6b3019"
     ],
     "layout": {

     }
    },
    {
     "id": "r-67c65bca07de7b870216050d50fbb2f5",
     "restrictions": {

     },
     "childrenIds": [
      "ct-67c65bca07de7b870216050d50fbb2f5",
      "cd-67c65bca07de7b870216050d50fbb2f5"
     ],
     "layout": {

     }
    },
    {
     "id": "6447d5371cac6305de8ea0d8",
     "restrictions": {

     },
     "text": {
      "text": "Survival Phrases",
      "style": "Header2",
      "marks": {
       "marks": [
        {
         "range": {
          "to": 16
         },
         "type": "Bold"
        }
       ]
      }
     }
    },
    {
     "id": "64525ecb090478aa6baf377f",
     "restrictions": {

     },
     "text": {
      "text": "Hello",
      "marks": {

      }
     }
    },
    {
     "id": "6516640b1cac630478df222d",
     "file": {
      "type": "Audio"
     }
    },
    {
     "id": "64525f31090478aa6baf3786",
     "restrictions": {

     },
     "text": {
      "text": "Thank you ",
      "marks": {

      }
     }
    },
    {
     "id": "6516640e1cac630478df222e",
     "file": {
      "type": "Audio"
     }
    },
    {
     "id": "64525f35090478aa6baf3787",
     "restrictions": {

     },
     "text": {
      "text": "Excuse me",
      "marks": {

      }
     }
    },
    {
     "id": "651664101cac630478df222f",
     "file": {
      "type": "Audio"
     }
    },
    {
     "id": "6516639a1cac630478df2220",
     "restrictions": {

     },
     "file": {
      "type": "Image"
     }
    },
    {
     "id": "ct-0589b021e786cbfaf279d006cc6b3019",
     "childrenIds": [
      "651663e11cac630478df2227"
     ],
     "layout": {
      "style": "Column"
     }
    },
    {
     "id": "cd-0589b021e786cbfaf279d006cc6b3019",
     "childrenIds": [
      "651663e81cac630478df2229"
     ],
     "layout": {
      "style": "Column"
     }
    },
    {
     "id": "ct-67c65bca07de7b870216050d50fbb2f5",
     "childrenIds": [
      "651663f11cac630478df222b"
     ],
     "layout": {
      "style": "Column"
     }
    },
    {
     "id": "cd-67c65bca07de7b870216050d50fbb2f5",
     "childrenIds": [
      "651663f41cac630478df222c"
     ],
     "layout": {
      "style": "Column"
     }
    },
    {
     "id": "651663e11cac630478df2227",
     "restrictions": {

     },
     "bookmark": {

     }
    },
    {
     "id": "651663e81cac630478df2229",
     "restrictions": {

     },
     "bookmark": {

     }
    },
    {
     "id": "651663f11cac630478df222b",
     "restrictions": {

     },
     "bookmark": {

     }
    },
    {
     "id": "651663f41cac630478df222c",
     "restrictions": {

     },
     "bookmark": {

     }
    }
   ],
   "details": {
     "6447d4541cac6305de8ea0cd": 1678143600,
     "6447d4651cac6305de8ea0ce": 1678834800,
     "6447d5e11cac6305de8ea0dc": "VN 21823",
     "6447d5ec1cac6305de8ea0dd": "VN1238",
     "649820dd1cac6379d3e45086": true,
     "backlinks": [
       ],
     "coverId": "",
     "coverScale": 0,
     "coverType": 0,
     "coverX": 0,
     "coverY": 0,
     "createdDate": 1695966232,
     "creator": "bafyreidwk5a5a4p2wmjhm6axaskfeurjvhdqq26yde6agfmgzwiqy4f2vu",
     "description": "",
     "featuredRelations": [
        "type",
        "description"
       ],
     "iconEmoji": "",
     "iconImage": "",
     "id": "bafyreia7h77ljaf2mrhzlampjpq72wvkwq33ff43i5d2gqlasd6d4gnooy",
     "lastModifiedBy": "bafyreidwk5a5a4p2wmjhm6axaskfeurjvhdqq26yde6agfmgzwiqy4f2vu",
     "lastModifiedDate": 1695966296,
     "lastOpenedDate": 1695966334,
     "layout": 0,
     "links": [
       ],
     "name": "Destination",
     "oldAnytypeID": "bafyreigtxgds66h65eabblwksjbptktq25mivkreortb32h4yp25a4jejm",
     "restrictions": [
        5,
        7
       ],
     "snippet": "Flight Info\nBoarding pass\nPacking List\nItem 1\nItem 2",
     "sourceFilePath": "json:/Users/charlotte/Downloads/Anytype.20230929.073811.68.zip/bafyreigtxgds66h65eabblwksjbptktq25mivkreortb32h4yp25a4jejm.pb.json",
     "spaceId": "bafyreie6dkeitgoxarvm3cpojzr2w2mnve4v3mozafojumqpnrwlydtbxa.25zpzkdbd0rle",
     "targetObjectType": "bafyreietfermac3yld42jvm2hvia4v5fzmbufdcsmajjhke2unldywxkv4",
     "type": "bafyreicgavf2ltbcxqp4j3zlkx54tlb22c4xtykvxktsbs676squih7swq",
     "workspaceId": "bafyreif4sfohsyk6begdujt3zosycmtt774vzo5wnhn3nkwfcizn4psini"
    },
   "objectTypes": [
    "ot-template",
    "ot-6516631d1cac630478df221a"
   ],
   "relationLinks": [
    {
     "key": "id",
     "format": "object"
    },
    {
     "key": "snippet"
    },
    {
     "key": "workspaceId",
     "format": "object"
    },
    {
     "key": "createdDate",
     "format": "date"
    },
    {
     "key": "creator",
     "format": "object"
    },
    {
     "key": "type",
     "format": "object"
    },
    {
     "key": "targetObjectType",
     "format": "object"
    },
    {
     "key": "internalFlags",
     "format": "number"
    },
    {
     "key": "name",
     "format": "shorttext"
    },
    {
     "key": "description"
    },
    {
     "key": "iconEmoji",
     "format": "emoji"
    },
    {
     "key": "iconImage",
     "format": "file"
    },
    {
     "key": "layout",
     "format": "number"
    },
    {
     "key": "layoutAlign",
     "format": "number"
    },
    {
     "key": "coverId",
     "format": "shorttext"
    },
    {
     "key": "coverScale",
     "format": "number"
    },
    {
     "key": "coverType",
     "format": "number"
    },
    {
     "key": "coverX",
     "format": "number"
    },
    {
     "key": "coverY",
     "format": "number"
    },
    {
     "key": "lastModifiedDate",
     "format": "date"
    },
    {
     "key": "lastModifiedBy",
     "format": "object"
    },
    {
     "key": "lastOpenedDate",
     "format": "date"
    },
    {
     "key": "featuredRelations",
     "format": "object"
    },
    {
     "key": "isFavorite",
     "format": "checkbox"
    },
    {
     "key": "links",
     "format": "object"
    },
    {
     "key": "restrictions",
     "format": "number"
    },
    {
     "key": "isArchived",
     "format": "checkbox"
    },
    {
     "key": "6447d4541cac6305de8ea0cd",
     "format": "date"
    },
    {
     "key": "6447d4651cac6305de8ea0ce",
     "format": "date"
    },
    {
     "key": "6447d5e11cac6305de8ea0dc"
    },
    {
     "key": "6447d5ec1cac6305de8ea0dd"
    },
    {
     "key": "spaceId",
     "format": "object"
    },
    {
     "key": "backlinks",
     "format": "object"
    },
    {
     "key": "sourceFilePath"
    },
    {
     "key": "oldAnytypeID"
    },
    {
     "key": "tag",
     "format": "tag"
    },
    {
     "key": "649820dd1cac6379d3e45086",
     "format": "checkbox"
    },
    {
     "key": "6516633f1cac630478df221b",
     "format": "date"
    },
    {
     "key": "6516634d1cac630478df221c",
     "format": "date"
    },
    {
     "key": "6516636f1cac630478df221d"
    },
    {
     "key": "time",
     "format": "number"
    }
   ]
  }
 }
}