{
 "sbType": "Template",
 "snapshot": {
  "data": {
   "blocks": [
    {
     "id": "bafyreibpxk5hxucjq6fct5x3vvhokqzjpugh3d7lmn5se3exue7du3nsli",
     "restrictions": {

     },
     "childrenIds": [
      "header",
      "6512bdf595207640d12ba3d5",
      "6512bdf695207640d12ba3d6",
      "6512bdf795207640d12ba3d7"
     ],
     "smartblock": {

     }
    },
    {
     "id": "header",
     "restrictions": {
      "edit": true,
      "remove": true,
      "drag": true,
      "dropOn": true
     },
     "childrenIds": [
      "title",
      "description",
      "featuredRelations"
     ],
     "layout": {
      "style": "Header"
     }
    },
    {
     "id": "6512bdf595207640d12ba3d5",
     "relation": {
      "key": "6512bd4595207640d12ba3d1"
     }
    },
    {
     "id": "6512bdf695207640d12ba3d6",
     "restrictions": {

     },
     "text": {
      "marks": {

      }
     }
    },
    {
     "id": "6512bdf795207640d12ba3d7",
     "restrictions": {

     },
     "text": {
      "text": "Example…",
      "marks": {

      }
     }
    },
    {
     "id": "title",
     "fields": {
       "_detailsKey": [
          "name",
          "done"
         ]
      },
     "restrictions": {
      "remove": true,
      "drag": true,
      "dropOn": true
     },
     "text": {
      "style": "Title",
      "marks": {

      }
     }
    },
    {
     "id": "description",
     "fields": {
       "_detailsKey": "description"
      },
     "restrictions": {
      "remove": true,
      "drag": true,
      "dropOn": true
     },
     "text": {
      "style": "Description",
      "marks": {

      }
     }
    },
    {
     "id": "featuredRelations",
     "restrictions": {
      "remove": true,
      "drag": true,
      "dropOn": true
     },
     "featuredRelations": {

     }
    }
   ],
   "details": {
     "6512bd4595207640d12ba3d1": [
        "bafyreihuhdcfikd3wdjzptm35x3cx5u3ind5p44crc6sjjwg6znt7m3dva"
       ],
     "backlinks": [
       ],
     "coverId": "",
     "coverScale": 0,
     "coverType": 0,
     "coverX": 0,
     "coverY": 0,
     "createdDate": 1695726895,
     "creator": "bafyreiett4aipvuxg5ksieiz2zgnnbdo3unenlm53rhfakbletfl7oqqdq",
     "description": "",
     "featuredRelations": [
        "type",
        "description"
       ],
     "id": "bafyreibpxk5hxucjq6fct5x3vvhokqzjpugh3d7lmn5se3exue7du3nsli",
     "internalFlags": [
       ],
     "lastModifiedBy": "_id_AArfJkA7TVAMgeRE5RtWWgbLSh1Eu4ZBUvhhbu5d4gbxXkbb",
     "lastModifiedDate": 1702554699,
     "lastOpenedDate": 1695888537,
     "layout": 0,
     "links": [
       ],
     "name": "new word",
     "restrictions": [
        7
       ],
     "snippet": "Example…",
     "spaceId": "bafyreid7inlihinledi3gzv5nbhbkbu7xifkjsmeqwr3bgxw4h7gawec4y.1dfa1y4rv8gnn",
     "targetObjectType": "bafyreid3alyf5ul54zgxoxunitlm6so4svj67scgt3glumo2s46kprja2q",
     "type": "bafyreid353255zg2f732qislwv3syqbt5oxmmmo4e72nykpzfsi2h6bgi4",
     "workspaceId": "bafyreifvtmt7zy3kpzzl2lt6yoij5h7dvlmu5a7defdmt2f64ldrtvuqhe"
    },
   "objectTypes": [
    "ot-template",
    "ot-6512bd2895207640d12ba3cf"
   ],
   "relationLinks": [
    {
     "key": "workspaceId",
     "format": "object"
    },
    {
     "key": "createdDate",
     "format": "date"
    },
    {
     "key": "creator",
     "format": "object"
    },
    {
     "key": "type",
     "format": "object"
    },
    {
     "key": "id",
     "format": "object"
    },
    {
     "key": "snippet"
    },
    {
     "key": "targetObjectType",
     "format": "object"
    },
    {
     "key": "internalFlags",
     "format": "number"
    },
    {
     "key": "layout",
     "format": "number"
    },
    {
     "key": "backlinks",
     "format": "object"
    },
    {
     "key": "name",
     "format": "shorttext"
    },
    {
     "key": "description"
    },
    {
     "key": "iconEmoji",
     "format": "emoji"
    },
    {
     "key": "iconImage",
     "format": "file"
    },
    {
     "key": "layoutAlign",
     "format": "number"
    },
    {
     "key": "coverId"
    },
    {
     "key": "coverScale",
     "format": "number"
    },
    {
     "key": "coverType",
     "format": "number"
    },
    {
     "key": "coverX",
     "format": "number"
    },
    {
     "key": "coverY",
     "format": "number"
    },
    {
     "key": "lastModifiedDate",
     "format": "date"
    },
    {
     "key": "lastModifiedBy",
     "format": "object"
    },
    {
     "key": "lastOpenedDate",
     "format": "date"
    },
    {
     "key": "featuredRelations",
     "format": "object"
    },
    {
     "key": "isFavorite",
     "format": "checkbox"
    },
    {
     "key": "links",
     "format": "object"
    },
    {
     "key": "restrictions",
     "format": "number"
    },
    {
     "key": "6512bd4595207640d12ba3d1",
     "format": "status"
    },
    {
     "key": "spaceId",
     "format": "object"
    }
   ]
  },
  "fileKeys": [
   {
    "hash": "bafybeidegeyyoqggpbjufhye7lzi5kmj2xzfeddfqqw4kqrddprkawngeq",
    "keys": {
     "/0/exif/": "bae3ayvklfeakdisihtixozvsr5duyzu7ucftigge5wyfbp4hhdla",
     "/0/large/": "b2zp44bkquv6m5iuyoi3sprpvptkqzjmtq7y3xopjpl3ouz7pofea",
     "/0/original/": "b2zp44bkquv6m5iuyoi3sprpvptkqzjmtq7y3xopjpl3ouz7pofea",
     "/0/small/": "byf5hy4ke3mh3go4bmvfsbmsvqdlpfaus7obvm23twixawpapzvkq",
     "/0/thumb/": "b5gzwf67frjc4leduibc5il5lcgtlzvfg6b4xqp7bfqg6rs4orhqq"
    }
   },
   {
    "hash": "bafybeicmmlfiy5wofgqjgjxhmnf3orzu7eorqavsbfxttbvmlco6t26k5y",
    "keys": {
     "/0/exif/": "biknpvamai4ygix27quvq4eyffldgpk22ul44o3f2fnek4r2fceia",
     "/0/large/": "b4xglyecwrwsp4owmo6yzmxqsdwlikzctavypu35ur4yla7amirkq",
     "/0/original/": "b4xglyecwrwsp4owmo6yzmxqsdwlikzctavypu35ur4yla7amirkq",
     "/0/small/": "bhfroqq4lv2ip5a4b77ghx5pwg42qdgehp5wuqkfhfrucu7wqzdga",
     "/0/thumb/": "b34y6aixnszbhdl4psnkb4n3eoqal6kv5tqo44qxqrpyrmgl25pkq"
    }
   },
   {
    "hash": "bafybeiglzioely6aevepeeuadzlchl3mzm2ou6tbdhe6nz4skgrfx3pivu",
    "keys": {
     "/0/exif/": "btlgxd6llyivzbx3fb4fqxvn4boormim6skvksewnrk6rp5fy6a6q",
     "/0/large/": "bybdccwc2ecbf7zwrg7j3tceaqybacmisp7qjcvos2jgsp53jdnpq",
     "/0/original/": "bybdccwc2ecbf7zwrg7j3tceaqybacmisp7qjcvos2jgsp53jdnpq",
     "/0/small/": "bwlxrhtsj5eg2seru5pjrkgffcyaexzo57ety4wkmd7w7hkszx5jq",
     "/0/thumb/": "bewim3krjnfrvefdfdmyotvqvvkxnyrkh6uoeothttkxztbyk2n4q"
    }
   },
   {
    "hash": "bafybeibictiacpszuz64afs4trizo2dr5pos3eaqqmhfocl7whqp4hmtdm",
    "keys": {
     "/0/exif/": "bzwpr72roqvio2xyuzw4smu7i4fy3g2hlz3ix3p4ekfqkqxmoa44a",
     "/0/large/": "bwzeml5bxxetpkfdwsjn2vb36rbkld3bdj3xcsg5433namhmb2mqq",
     "/0/original/": "bwzeml5bxxetpkfdwsjn2vb36rbkld3bdj3xcsg5433namhmb2mqq",
     "/0/small/": "b7qh5iqxl466cd424nlwmowlezjsi6zyfzsz6xixnep2djrirp3sq",
     "/0/thumb/": "bwjvshnq3n5iwviltosmqcgaumrugrzsadu454emrudgdycwhgnna"
    }
   },
   {
    "hash": "bafybeica4w266rulo52h7pmsptllkkstnbiscccaxfxminlbividqsaxkq",
    "keys": {
     "/0/exif/": "bxvf5lfzhnsbgyhfwzyeiexwhjzun6lk7eiwpzcqnn5enukpc3kra",
     "/0/large/": "bxa2yj3v22yfyu7nmtfalfuzb67kgtfkif27wpzfpxfvl4uv4pvpq",
     "/0/original/": "bxa2yj3v22yfyu7nmtfalfuzb67kgtfkif27wpzfpxfvl4uv4pvpq",
     "/0/small/": "bwtlrdjlgiljwm3bwhe7lea5hido56e7gh7o3w3d5bvgmqoyxs6lq",
     "/0/thumb/": "bqqryzf6avoxohebickrnakrb52cgh2ddrvbmfzwwjli7mrsjtlha"
    }
   },
   {
    "hash": "bafybeibtrbz5weg53obut7ubaj3nlye6umnwknxboh75wpumkshvimptw4",
    "keys": {
     "/0/exif/": "b6p53xd4xph3lbspqy5kyrvx2wpjmaqoyqthrw55p45ayep3tua3a",
     "/0/large/": "b2vmd5vxtlxltj4rbzgnsa5dzvxz5frxxjbjbodevmm7p7u5bi6qq",
     "/0/original/": "b2vmd5vxtlxltj4rbzgnsa5dzvxz5frxxjbjbodevmm7p7u5bi6qq",
     "/0/small/": "bfbedqlnmphja4ddamoef6qxsdgl4zbyrfxo3nppjgrz2zuful74q",
     "/0/thumb/": "brbf2rnsnfhzb54gtucfla4sfat3a76lhg3nx2wj24xh2wlmzgd5q"
    }
   }
  ]
 }
}