{
 "sbType": "STType",
 "snapshot": {
  "data": {
   "blocks": [
    {
     "id": "bafyreie7eonctm6e63oentan66f6qhyqurq5poe5mgsv6osw6sckt6imom",
     "restrictions": {

     },
     "childrenIds": [
      "header"
     ],
     "smartblock": {

     }
    },
    {
     "id": "header",
     "restrictions": {
      "edit": true,
      "remove": true,
      "drag": true,
      "dropOn": true
     },
     "childrenIds": [
      "title",
      "description",
      "featuredRelations"
     ],
     "layout": {
      "style": "Header"
     }
    },
    {
     "id": "title",
     "fields": {
       "_detailsKey": [
          "name",
          "done"
         ]
      },
     "restrictions": {
      "remove": true,
      "drag": true,
      "dropOn": true
     },
     "text": {
      "style": "Title",
      "marks": {

      }
     }
    },
    {
     "id": "description",
     "fields": {
       "_detailsKey": "description"
      },
     "restrictions": {
      "remove": true,
      "drag": true,
      "dropOn": true
     },
     "text": {
      "style": "Description",
      "marks": {

      }
     }
    },
    {
     "id": "featuredRelations",
     "restrictions": {
      "remove": true,
      "drag": true,
      "dropOn": true
     },
     "featuredRelations": {

     }
    }
   ],
   "details": {
     "backlinks": [
       ],
     "createdDate": 1702554699,
     "creator": "_id_AArfJkA7TVAMgeRE5RtWWgbLSh1Eu4ZBUvhhbu5d4gbxXkbb",
     "description": "Meaningful connection between objects",
     "featuredRelations": [
        "description",
        "type"
       ],
     "iconEmoji": "🔗",
     "id": "bafyreie7eonctm6e63oentan66f6qhyqurq5poe5mgsv6osw6sckt6imom",
     "isHidden": true,
     "isReadonly": true,
     "lastModifiedBy": "_id_AArfJkA7TVAMgeRE5RtWWgbLSh1Eu4ZBUvhhbu5d4gbxXkbb",
     "lastModifiedDate": 1702554699,
     "layout": 4,
     "links": [
       ],
     "name": "Relation",
     "recommendedLayout": 5,
     "recommendedRelations": [
        "bafyreihjvth2db25ogsphysvto3eleea2se6cmx2i2krxh5axg2pbdlcgy",
        "bafyreiagrafvxxvot7jgu3htcmdp3xk66jwv655h2zgv2a7s2cnzo5o7wa",
        "bafyreidjzy5ht4ehc43bhzlwac2gvxb2hqsb2vy3bfdh5c5rrqgsedsvmy",
        "bafyreibglqnddjysq4iplmcqgz3fpiu7d2o344gbsytznbgdtcie3ep35u"
       ],
     "restrictions": [
        3,
        6,
        5,
        7,
        4,
        1
       ],
     "smartblockTypes": [
        513,
        512
       ],
     "snippet": "",
     "sourceObject": "_otrelation",
     "spaceId": "bafyreid7inlihinledi3gzv5nbhbkbu7xifkjsmeqwr3bgxw4h7gawec4y.1dfa1y4rv8gnn",
     "type": "bafyreidl23m4rv4vqwwlii5jus6mpkacfew4cmhuomhft6osnl5hjfoaau",
     "uniqueKey": "ot-relation"
    },
   "objectTypes": [
    "ot-objectType"
   ],
   "relationLinks": [
    {
     "key": "name",
     "format": "shorttext"
    },
    {
     "key": "recommendedLayout",
     "format": "number"
    },
    {
     "key": "iconEmoji",
     "format": "emoji"
    },
    {
     "key": "layout",
     "format": "number"
    },
    {
     "key": "isHidden",
     "format": "checkbox"
    },
    {
     "key": "sourceObject",
     "format": "object"
    },
    {
     "key": "smartblockTypes",
     "format": "number"
    },
    {
     "key": "recommendedRelations",
     "format": "object"
    },
    {
     "key": "description"
    },
    {
     "key": "backlinks",
     "format": "object"
    },
    {
     "key": "creator",
     "format": "object"
    },
    {
     "key": "id",
     "format": "object"
    },
    {
     "key": "spaceId",
     "format": "object"
    },
    {
     "key": "type",
     "format": "object"
    },
    {
     "key": "uniqueKey"
    },
    {
     "key": "isReadonly",
     "format": "checkbox"
    },
    {
     "key": "snippet"
    },
    {
     "key": "iconImage",
     "format": "file"
    },
    {
     "key": "layoutAlign",
     "format": "number"
    },
    {
     "key": "coverId"
    },
    {
     "key": "coverScale",
     "format": "number"
    },
    {
     "key": "coverType",
     "format": "number"
    },
    {
     "key": "coverX",
     "format": "number"
    },
    {
     "key": "coverY",
     "format": "number"
    },
    {
     "key": "createdDate",
     "format": "date"
    },
    {
     "key": "lastModifiedDate",
     "format": "date"
    },
    {
     "key": "lastModifiedBy",
     "format": "object"
    },
    {
     "key": "lastOpenedDate",
     "format": "date"
    },
    {
     "key": "featuredRelations",
     "format": "object"
    },
    {
     "key": "isFavorite",
     "format": "checkbox"
    },
    {
     "key": "workspaceId",
     "format": "object"
    },
    {
     "key": "links",
     "format": "object"
    },
    {
     "key": "internalFlags",
     "format": "number"
    },
    {
     "key": "restrictions",
     "format": "number"
    }
   ],
   "key": "relation"
  }
 }
}