{
 "sbType": "STRelation",
 "snapshot": {
  "data": {
   "blocks": [
    {
     "id": "bafyreieyfh2oznpjkh3ta2ykxfxtoksxlw5szziexonctogyfnzswg5nm4",
     "restrictions": {

     },
     "childrenIds": [
      "header"
     ],
     "smartblock": {

     }
    },
    {
     "id": "header",
     "restrictions": {
      "edit": true,
      "remove": true,
      "drag": true,
      "dropOn": true
     },
     "childrenIds": [
      "title",
      "description",
      "featuredRelations"
     ],
     "layout": {
      "style": "Header"
     }
    },
    {
     "id": "title",
     "fields": {
       "_detailsKey": [
          "name",
          "done"
         ]
      },
     "restrictions": {
      "remove": true,
      "drag": true,
      "dropOn": true
     },
     "text": {
      "style": "Title",
      "marks": {

      }
     }
    },
    {
     "id": "description",
     "fields": {
       "_detailsKey": "description"
      },
     "restrictions": {
      "remove": true,
      "drag": true,
      "dropOn": true
     },
     "text": {
      "style": "Description",
      "marks": {

      }
     }
    },
    {
     "id": "featuredRelations",
     "restrictions": {
      "remove": true,
      "drag": true,
      "dropOn": true
     },
     "featuredRelations": {

     }
    }
   ],
   "details": {
     "backlinks": [
       ],
     "createdDate": 1702554699,
     "creator": "_id_AArfJkA7TVAMgeRE5RtWWgbLSh1Eu4ZBUvhhbu5d4gbxXkbb",
     "description": "",
     "featuredRelations": [
        "description",
        "type"
       ],
     "id": "bafyreieyfh2oznpjkh3ta2ykxfxtoksxlw5szziexonctogyfnzswg5nm4",
     "isHidden": false,
     "lastModifiedBy": "_id_AArfJkA7TVAMgeRE5RtWWgbLSh1Eu4ZBUvhhbu5d4gbxXkbb",
     "lastModifiedDate": 1702554699,
     "layout": 5,
     "links": [
       ],
     "name": "Camera exposure",
     "relationDefaultValue": null,
     "relationFormat": 0,
     "relationFormatObjectTypes": [
       ],
     "relationKey": "exposure",
     "relationMaxCount": 1,
     "relationReadonlyValue": false,
     "restrictions": [
       ],
     "scope": 1,
     "snippet": "",
     "sourceObject": "_brexposure",
     "spaceId": "bafyreid7inlihinledi3gzv5nbhbkbu7xifkjsmeqwr3bgxw4h7gawec4y.1dfa1y4rv8gnn",
     "type": "bafyreie7eonctm6e63oentan66f6qhyqurq5poe5mgsv6osw6sckt6imom",
     "uniqueKey": "rel-exposure"
    },
   "objectTypes": [
    "ot-relation"
   ],
   "relationLinks": [
    {
     "key": "description"
    },
    {
     "key": "layout",
     "format": "number"
    },
    {
     "key": "relationFormatObjectTypes",
     "format": "object"
    },
    {
     "key": "relationFormat",
     "format": "number"
    },
    {
     "key": "sourceObject",
     "format": "object"
    },
    {
     "key": "relationReadonlyValue",
     "format": "checkbox"
    },
    {
     "key": "relationDefaultValue"
    },
    {
     "key": "scope"
    },
    {
     "key": "relationKey"
    },
    {
     "key": "name",
     "format": "shorttext"
    },
    {
     "key": "isHidden",
     "format": "checkbox"
    },
    {
     "key": "relationMaxCount",
     "format": "number"
    },
    {
     "key": "backlinks",
     "format": "object"
    },
    {
     "key": "creator",
     "format": "object"
    },
    {
     "key": "id",
     "format": "object"
    },
    {
     "key": "spaceId",
     "format": "object"
    },
    {
     "key": "type",
     "format": "object"
    },
    {
     "key": "uniqueKey"
    },
    {
     "key": "snippet"
    },
    {
     "key": "iconEmoji",
     "format": "emoji"
    },
    {
     "key": "iconImage",
     "format": "file"
    },
    {
     "key": "layoutAlign",
     "format": "number"
    },
    {
     "key": "coverId"
    },
    {
     "key": "coverScale",
     "format": "number"
    },
    {
     "key": "coverType",
     "format": "number"
    },
    {
     "key": "coverX",
     "format": "number"
    },
    {
     "key": "coverY",
     "format": "number"
    },
    {
     "key": "createdDate",
     "format": "date"
    },
    {
     "key": "lastModifiedDate",
     "format": "date"
    },
    {
     "key": "lastModifiedBy",
     "format": "object"
    },
    {
     "key": "lastOpenedDate",
     "format": "date"
    },
    {
     "key": "featuredRelations",
     "format": "object"
    },
    {
     "key": "isFavorite",
     "format": "checkbox"
    },
    {
     "key": "workspaceId",
     "format": "object"
    },
    {
     "key": "links",
     "format": "object"
    },
    {
     "key": "internalFlags",
     "format": "number"
    },
    {
     "key": "restrictions",
     "format": "number"
    }
   ],
   "key": "exposure"
  }
 }
}