{
 "sbType": "STType",
 "snapshot": {
  "data": {
   "blocks": [
    {
     "id": "bafyreigrzpv5zh4cr63yd7b3ihmdmwinjihap2qiqdq4qqf6qdnmyl6344",
     "restrictions": {

     },
     "childrenIds": [
      "header"
     ],
     "smartblock": {

     }
    },
    {
     "id": "header",
     "restrictions": {
      "edit": true,
      "remove": true,
      "drag": true,
      "dropOn": true
     },
     "childrenIds": [
      "title",
      "description",
      "featuredRelations"
     ],
     "layout": {
      "style": "Header"
     }
    },
    {
     "id": "title",
     "fields": {
       "_detailsKey": [
          "name",
          "done"
         ]
      },
     "restrictions": {
      "remove": true,
      "drag": true,
      "dropOn": true
     },
     "text": {
      "style": "Title",
      "marks": {

      }
     }
    },
    {
     "id": "description",
     "fields": {
       "_detailsKey": "description"
      },
     "restrictions": {
      "remove": true,
      "drag": true,
      "dropOn": true
     },
     "text": {
      "style": "Description",
      "marks": {

      }
     }
    },
    {
     "id": "featuredRelations",
     "restrictions": {
      "remove": true,
      "drag": true,
      "dropOn": true
     },
     "featuredRelations": {

     }
    }
   ],
   "details": {
     "backlinks": [
       ],
     "createdDate": 1702554699,
     "creator": "_id_AArfJkA7TVAMgeRE5RtWWgbLSh1Eu4ZBUvhhbu5d4gbxXkbb",
     "description": "A piece of work to be done or undertaken",
     "featuredRelations": [
        "description",
        "type"
       ],
     "iconEmoji": "✅",
     "id": "bafyreigrzpv5zh4cr63yd7b3ihmdmwinjihap2qiqdq4qqf6qdnmyl6344",
     "isHidden": false,
     "isReadonly": true,
     "lastModifiedBy": "_id_AArfJkA7TVAMgeRE5RtWWgbLSh1Eu4ZBUvhhbu5d4gbxXkbb",
     "lastModifiedDate": 1702554699,
     "layout": 4,
     "links": [
       ],
     "name": "Task",
     "recommendedLayout": 2,
     "recommendedRelations": [
        "bafyreiewuzcqne42w5mybarl2eunvzfrlzcio2632mh7tr74furxibmz7a",
        "bafyreicap26ty5n6izlnt426iha3i25c22xtgf3nv66wm3s4yenaqbpc6i",
        "bafyreifhwalllm2eeqkd737jg7uokrgvzp3ovk2lhz34hudzbbrqzgkewa",
        "bafyreia7dshirtlbtftz77ktzk3rjwipmfxpbk6lcoef2imqyz4iqumvvy",
        "bafyreifihdixlfo53fnlqodi4yelechphg5qbz5qfqcpj5m4mfmq3u3k2u",
        "bafyreicwloz2i2swee75yra33tcwhnh7l25k5tidue62rccwcliblbffyq",
        "bafyreieqyjorgrlhthkgxwcod3dfzoup3rsc2uggxikpk2ipsmvqqgebw4",
        "bafyreiftuuimf3sridq3inbehimc5ksiclpqpntxyndzcrl5zrocw2y734",
        "bafyreig2dig76zv5twq4jrqiu7ctcqa2mugk5bcobymxrl7hrf7uw4eu3u",
        "bafyreiacfmt4ojxc42acq6ipg4vf7lii5ttr47gg4rmaj22awwfat3iipa"
       ],
     "restrictions": [
        3,
        6,
        5,
        7,
        4,
        1
       ],
     "smartblockTypes": [
        16
       ],
     "snippet": "",
     "sourceObject": "_ottask",
     "spaceId": "bafyreid7inlihinledi3gzv5nbhbkbu7xifkjsmeqwr3bgxw4h7gawec4y.1dfa1y4rv8gnn",
     "type": "bafyreidl23m4rv4vqwwlii5jus6mpkacfew4cmhuomhft6osnl5hjfoaau",
     "uniqueKey": "ot-task"
    },
   "objectTypes": [
    "ot-objectType"
   ],
   "relationLinks": [
    {
     "key": "recommendedLayout",
     "format": "number"
    },
    {
     "key": "description"
    },
    {
     "key": "recommendedRelations",
     "format": "object"
    },
    {
     "key": "smartblockTypes",
     "format": "number"
    },
    {
     "key": "isHidden",
     "format": "checkbox"
    },
    {
     "key": "layout",
     "format": "number"
    },
    {
     "key": "name",
     "format": "shorttext"
    },
    {
     "key": "sourceObject",
     "format": "object"
    },
    {
     "key": "iconEmoji",
     "format": "emoji"
    },
    {
     "key": "backlinks",
     "format": "object"
    },
    {
     "key": "creator",
     "format": "object"
    },
    {
     "key": "id",
     "format": "object"
    },
    {
     "key": "spaceId",
     "format": "object"
    },
    {
     "key": "type",
     "format": "object"
    },
    {
     "key": "uniqueKey"
    },
    {
     "key": "isReadonly",
     "format": "checkbox"
    },
    {
     "key": "snippet"
    },
    {
     "key": "iconImage",
     "format": "file"
    },
    {
     "key": "layoutAlign",
     "format": "number"
    },
    {
     "key": "coverId"
    },
    {
     "key": "coverScale",
     "format": "number"
    },
    {
     "key": "coverType",
     "format": "number"
    },
    {
     "key": "coverX",
     "format": "number"
    },
    {
     "key": "coverY",
     "format": "number"
    },
    {
     "key": "createdDate",
     "format": "date"
    },
    {
     "key": "lastModifiedDate",
     "format": "date"
    },
    {
     "key": "lastModifiedBy",
     "format": "object"
    },
    {
     "key": "lastOpenedDate",
     "format": "date"
    },
    {
     "key": "featuredRelations",
     "format": "object"
    },
    {
     "key": "isFavorite",
     "format": "checkbox"
    },
    {
     "key": "workspaceId",
     "format": "object"
    },
    {
     "key": "links",
     "format": "object"
    },
    {
     "key": "internalFlags",
     "format": "number"
    },
    {
     "key": "restrictions",
     "format": "number"
    }
   ],
   "key": "task"
  }
 }
}