{
 "sbType": "STType",
 "snapshot": {
  "data": {
   "blocks": [
    {
     "id": "bafyreielpmsmdjabcihpbzwnbxeb54kiz4do5ngvtuyxaxvfeo37ahshae",
     "restrictions": {

     },
     "childrenIds": [
      "header"
     ],
     "smartblock": {

     }
    },
    {
     "id": "header",
     "restrictions": {
      "edit": true,
      "remove": true,
      "drag": true,
      "dropOn": true
     },
     "childrenIds": [
      "title",
      "description",
      "featuredRelations"
     ],
     "layout": {
      "style": "Header"
     }
    },
    {
     "id": "title",
     "fields": {
       "_detailsKey": [
          "name",
          "done"
         ]
      },
     "restrictions": {
      "remove": true,
      "drag": true,
      "dropOn": true
     },
     "text": {
      "style": "Title",
      "marks": {

      }
     }
    },
    {
     "id": "description",
     "fields": {
       "_detailsKey": "description"
      },
     "restrictions": {
      "remove": true,
      "drag": true,
      "dropOn": true
     },
     "text": {
      "style": "Description",
      "marks": {

      }
     }
    },
    {
     "id": "featuredRelations",
     "restrictions": {
      "remove": true,
      "drag": true,
      "dropOn": true
     },
     "featuredRelations": {

     }
    }
   ],
   "details": {
     "backlinks": [
       ],
     "createdDate": 1702554699,
     "creator": "_id_AArfJkA7TVAMgeRE5RtWWgbLSh1Eu4ZBUvhhbu5d4gbxXkbb",
     "description": "Auto-generated object from .mpeg-4 files added to Anytype. The recording of moving visual images",
     "featuredRelations": [
        "description",
        "type"
       ],
     "iconEmoji": "📽",
     "id": "bafyreielpmsmdjabcihpbzwnbxeb54kiz4do5ngvtuyxaxvfeo37ahshae",
     "isHidden": false,
     "isReadonly": true,
     "lastModifiedBy": "_id_AArfJkA7TVAMgeRE5RtWWgbLSh1Eu4ZBUvhhbu5d4gbxXkbb",
     "lastModifiedDate": 1702554699,
     "layout": 4,
     "links": [
       ],
     "name": "Video",
     "recommendedLayout": 6,
     "recommendedRelations": [
        "bafyreibjqi7ypcuaaafbmxroanurfgekm3q2jhlq6f3rk6clxrpqd6oj4q",
        "bafyreig3wpiohfskpjm3vcvxv76m64paaaygon6l5yun3mjviibolgt5ey",
        "bafyreifplanlkupmcp4ggsjltzsvnajxea66s2lh6tlvi4lt3oeraieeta",
        "bafyreic3nd47q3f2zw5wwtitbg2wxwk547yawqiiqcgmadzkjvcnjjwtiu",
        "bafyreihgyqcyavtcqwlkvwu37rde6pr57lq3v7qel4t7n2ub2fqppvmkdy",
        "bafyreidmwdi3hde6asy56ftxehdgatcwkiaje5p474mixwjy33qrtuf5uy",
        "bafyreidasajom3yd25m523jxiefjrcuskq6ksgu6unvx4o5mjilquze5di",
        "bafyreif5y2tdkuujdoerkpg5jftbnlax6uupulvgt7u2nznngpcdnspg34",
        "bafyreieyfh2oznpjkh3ta2ykxfxtoksxlw5szziexonctogyfnzswg5nm4",
        "bafyreif5u3bqf72xdgzaorcbcibqlq2tvdj6iwe2vo74rdm7mxgyxxg6pm",
        "bafyreie4b67xe77eav3kzacfofaavcxgrxvybcanelhpz5dn4bssmk5j5q"
       ],
     "restrictions": [
        3,
        6,
        5,
        7,
        4,
        1
       ],
     "smartblockTypes": [
        256
       ],
     "snippet": "",
     "sourceObject": "_otvideo",
     "spaceId": "bafyreid7inlihinledi3gzv5nbhbkbu7xifkjsmeqwr3bgxw4h7gawec4y.1dfa1y4rv8gnn",
     "type": "bafyreidl23m4rv4vqwwlii5jus6mpkacfew4cmhuomhft6osnl5hjfoaau",
     "uniqueKey": "ot-video"
    },
   "objectTypes": [
    "ot-objectType"
   ],
   "relationLinks": [
    {
     "key": "name",
     "format": "shorttext"
    },
    {
     "key": "layout",
     "format": "number"
    },
    {
     "key": "iconEmoji",
     "format": "emoji"
    },
    {
     "key": "recommendedLayout",
     "format": "number"
    },
    {
     "key": "smartblockTypes",
     "format": "number"
    },
    {
     "key": "description"
    },
    {
     "key": "recommendedRelations",
     "format": "object"
    },
    {
     "key": "isHidden",
     "format": "checkbox"
    },
    {
     "key": "sourceObject",
     "format": "object"
    },
    {
     "key": "backlinks",
     "format": "object"
    },
    {
     "key": "creator",
     "format": "object"
    },
    {
     "key": "id",
     "format": "object"
    },
    {
     "key": "spaceId",
     "format": "object"
    },
    {
     "key": "type",
     "format": "object"
    },
    {
     "key": "uniqueKey"
    },
    {
     "key": "isReadonly",
     "format": "checkbox"
    },
    {
     "key": "snippet"
    },
    {
     "key": "iconImage",
     "format": "file"
    },
    {
     "key": "layoutAlign",
     "format": "number"
    },
    {
     "key": "coverId"
    },
    {
     "key": "coverScale",
     "format": "number"
    },
    {
     "key": "coverType",
     "format": "number"
    },
    {
     "key": "coverX",
     "format": "number"
    },
    {
     "key": "coverY",
     "format": "number"
    },
    {
     "key": "createdDate",
     "format": "date"
    },
    {
     "key": "lastModifiedDate",
     "format": "date"
    },
    {
     "key": "lastModifiedBy",
     "format": "object"
    },
    {
     "key": "lastOpenedDate",
     "format": "date"
    },
    {
     "key": "featuredRelations",
     "format": "object"
    },
    {
     "key": "isFavorite",
     "format": "checkbox"
    },
    {
     "key": "workspaceId",
     "format": "object"
    },
    {
     "key": "links",
     "format": "object"
    },
    {
     "key": "internalFlags",
     "format": "number"
    },
    {
     "key": "restrictions",
     "format": "number"
    }
   ],
   "key": "video"
  }
 }
}