{
 "sbType": "Page",
 "snapshot": {
  "data": {
   "blocks": [
    {
     "id": "bafyreicsatisgoch5743jtnanqay2prbt2gwqvfxf2pzb4blznikgplv4q",
     "restrictions": {

     },
     "childrenIds": [
      "header",
      "dataview"
     ],
     "smartblock": {

     }
    },
    {
     "id": "header",
     "restrictions": {
      "edit": true,
      "remove": true,
      "drag": true,
      "dropOn": true
     },
     "childrenIds": [
      "title",
      "description",
      "featuredRelations"
     ],
     "layout": {
      "style": "Header"
     }
    },
    {
     "id": "dataview",
     "restrictions": {

     },
     "dataview": {
      "views": [
       {
        "id": "6512c09d95207640d12ba3dc",
        "type": "Kanban",
        "name": "Sort",
        "sorts": [
         {
          "id": "6512c09d95207640d12ba3dd",
          "RelationKey": "lastModifiedDate",
          "type": "Desc"
         }
        ],
        "filters": [
         {
          "id": "6512c1ad95207640d12ba3e2",
          "RelationKey": "name",
          "value": ""
         },
         {
          "id": "6512c1b395207640d12ba3e3",
          "RelationKey": "6512bd4595207640d12ba3d1",
          "value": [
            ]
         }
        ],
        "relations": [
         {
          "key": "name",
          "isVisible": true
         },
         {
          "key": "tag"
         },
         {
          "key": "description"
         },
         {
          "key": "type"
         },
         {
          "key": "createdDate"
         },
         {
          "key": "lastModifiedDate"
         },
         {
          "key": "lastModifiedBy"
         },
         {
          "key": "lastOpenedDate"
         },
         {
          "key": "6512bd4595207640d12ba3d1",
          "width": 192
         }
        ],
        "groupRelationKey": "6512bd4595207640d12ba3d1",
        "groupBackgroundColors": true,
        "defaultTemplateId": "bafyreibpxk5hxucjq6fct5x3vvhokqzjpugh3d7lmn5se3exue7du3nsli"
       },
       {
        "id": "e0df15d5-fae1-4a0d-ac08-d649931bd5aa",
        "type": "Gallery",
        "name": "Don't remember",
        "sorts": [
         {
          "id": "6512c09d95207640d12ba3dd",
          "RelationKey": "lastModifiedDate",
          "type": "Desc"
         }
        ],
        "filters": [
         {
          "id": "6512c1ad95207640d12ba3e2",
          "RelationKey": "name",
          "value": ""
         },
         {
          "id": "6512c1b395207640d12ba3e3",
          "RelationKey": "6512bd4595207640d12ba3d1",
          "condition": "In",
          "value": [
             "bafyreihuhdcfikd3wdjzptm35x3cx5u3ind5p44crc6sjjwg6znt7m3dva"
            ]
         }
        ],
        "relations": [
         {
          "key": "name",
          "isVisible": true,
          "width": 500
         },
         {
          "key": "tag",
          "width": 192
         },
         {
          "key": "description",
          "isVisible": true,
          "width": 192
         },
         {
          "key": "type",
          "width": 192
         },
         {
          "key": "createdDate",
          "width": 192
         },
         {
          "key": "lastModifiedDate",
          "width": 192
         },
         {
          "key": "lastModifiedBy",
          "width": 192
         },
         {
          "key": "lastOpenedDate",
          "width": 192
         },
         {
          "key": "6512bd4595207640d12ba3d1",
          "width": 192
         }
        ],
        "coverRelationKey": "pageCover",
        "groupRelationKey": "6512bd4595207640d12ba3d1",
        "groupBackgroundColors": true
       },
       {
        "id": "dd9cacd2-c868-46b5-96b2-a22daa39f924",
        "type": "Gallery",
        "name": "Almost there!",
        "sorts": [
         {
          "id": "6512c09d95207640d12ba3dd",
          "RelationKey": "lastModifiedDate",
          "type": "Desc"
         }
        ],
        "filters": [
         {
          "id": "6512c1ad95207640d12ba3e2",
          "RelationKey": "name",
          "value": ""
         },
         {
          "id": "6512c1b395207640d12ba3e3",
          "RelationKey": "6512bd4595207640d12ba3d1",
          "condition": "In",
          "value": [
             "bafyreif37zcgk2ouzcjz7ahh4vv2p56iepqovktsqqkhlv43emb55b27cm"
            ]
         }
        ],
        "relations": [
         {
          "key": "name",
          "isVisible": true,
          "width": 500
         },
         {
          "key": "tag",
          "width": 192
         },
         {
          "key": "description",
          "width": 192
         },
         {
          "key": "type",
          "width": 192
         },
         {
          "key": "createdDate",
          "width": 192
         },
         {
          "key": "lastModifiedDate",
          "width": 192
         },
         {
          "key": "lastModifiedBy",
          "width": 192
         },
         {
          "key": "lastOpenedDate",
          "width": 192
         },
         {
          "key": "6512bd4595207640d12ba3d1",
          "width": 192
         }
        ],
        "coverRelationKey": "pageCover",
        "groupRelationKey": "6512bd4595207640d12ba3d1",
        "groupBackgroundColors": true
       },
       {
        "id": "0a8ff80b-8413-4488-ac16-9064a9e13f0f",
        "type": "Gallery",
        "name": "Memorised",
        "sorts": [
         {
          "id": "6512c09d95207640d12ba3dd",
          "RelationKey": "lastModifiedDate",
          "type": "Desc"
         }
        ],
        "filters": [
         {
          "id": "6512c1ad95207640d12ba3e2",
          "RelationKey": "name",
          "value": ""
         },
         {
          "id": "6512c1b395207640d12ba3e3",
          "RelationKey": "6512bd4595207640d12ba3d1",
          "condition": "In",
          "value": [
             "bafyreifxdd6xngjzglilnl3uhqd66v6rn7shmc7sh5odjhndohlth2s7fa"
            ]
         }
        ],
        "relations": [
         {
          "key": "name",
          "isVisible": true,
          "width": 500
         },
         {
          "key": "tag",
          "width": 192
         },
         {
          "key": "description",
          "width": 192
         },
         {
          "key": "type",
          "width": 192
         },
         {
          "key": "createdDate",
          "width": 192
         },
         {
          "key": "lastModifiedDate",
          "width": 192
         },
         {
          "key": "lastModifiedBy",
          "width": 192
         },
         {
          "key": "lastOpenedDate",
          "width": 192
         },
         {
          "key": "6512bd4595207640d12ba3d1",
          "width": 192
         }
        ],
        "groupRelationKey": "6512bd4595207640d12ba3d1",
        "groupBackgroundColors": true
       }
      ],
      "groupOrders": [
       {
        "viewId": "6512c09d95207640d12ba3dc"
       }
      ],
      "objectOrders": [
       {
        "viewId": "6512c09d95207640d12ba3dc",
        "groupId": "empty",
        "objectIds": [
         "bafyreib5s6cikdfef5ubbpmluqvolrznolpiio7igjon3cuo5ehagkgfb4",
         "bafyreif7t2trfgxbhcg2y5iwqhayuz566feipz4bbp3o6mdny2cdxi4w5m"
        ]
       },
       {
        "viewId": "6512c09d95207640d12ba3dc",
        "groupId": "6512bd5295207640d12ba3d3"
       },
       {
        "viewId": "6512c09d95207640d12ba3dc",
        "groupId": "6512bd4c95207640d12ba3d2",
        "objectIds": [
         "bafyreib5s6cikdfef5ubbpmluqvolrznolpiio7igjon3cuo5ehagkgfb4",
         "bafyreif7t2trfgxbhcg2y5iwqhayuz566feipz4bbp3o6mdny2cdxi4w5m"
        ]
       },
       {
        "viewId": "6512c09d95207640d12ba3dc",
        "groupId": "6512bdc495207640d12ba3d4"
       },
       {
        "viewId": "6512c09d95207640d12ba3dc",
        "groupId": "bafyreihuhdcfikd3wdjzptm35x3cx5u3ind5p44crc6sjjwg6znt7m3dva"
       }
      ],
      "relationLinks": [
       {
        "key": "name",
        "format": "shorttext"
       },
       {
        "key": "tag",
        "format": "tag"
       },
       {
        "key": "description"
       },
       {
        "key": "type",
        "format": "object"
       },
       {
        "key": "createdDate",
        "format": "date"
       },
       {
        "key": "lastModifiedDate",
        "format": "date"
       },
       {
        "key": "lastModifiedBy",
        "format": "object"
       },
       {
        "key": "lastOpenedDate",
        "format": "date"
       },
       {
        "key": "6512bd4595207640d12ba3d1",
        "format": "status"
       }
      ]
     }
    },
    {
     "id": "title",
     "fields": {
       "_detailsKey": [
          "name",
          "done"
         ]
      },
     "restrictions": {
      "remove": true,
      "drag": true,
      "dropOn": true
     },
     "text": {
      "style": "Title",
      "marks": {

      }
     }
    },
    {
     "id": "description",
     "fields": {
       "_detailsKey": "description"
      },
     "restrictions": {
      "remove": true,
      "drag": true,
      "dropOn": true
     },
     "text": {
      "style": "Description",
      "marks": {

      }
     }
    },
    {
     "id": "featuredRelations",
     "restrictions": {
      "remove": true,
      "drag": true,
      "dropOn": true
     },
     "featuredRelations": {

     }
    }
   ],
   "details": {
     "backlinks": [
        "bafyreichxpl2u76bni672tcqqtdhwkcnjl7dpyfqb4hvh5fxezoofyi6oy"
       ],
     "createdDate": 1695727771,
     "creator": "bafyreiett4aipvuxg5ksieiz2zgnnbdo3unenlm53rhfakbletfl7oqqdq",
     "description": "",
     "featuredRelations": [
        "type",
        "description",
        "setOf"
       ],
     "iconEmoji": "🗨️",
     "iconImage": "",
     "id": "bafyreicsatisgoch5743jtnanqay2prbt2gwqvfxf2pzb4blznikgplv4q",
     "isFavorite": true,
     "lastModifiedBy": "_id_AArfJkA7TVAMgeRE5RtWWgbLSh1Eu4ZBUvhhbu5d4gbxXkbb",
     "lastModifiedDate": 1702554766,
     "lastOpenedDate": 1702554803,
     "layout": 3,
     "links": [
        "bafyreibdyvglaqfbzg6o5c4oakwj6hwfevx2qxrartyivmcbzxown7hwe4",
        "bafyreicltr5emoepwjqipblponme7asaqrkq2k4dndzcermhdqiv4vfttm",
        "bafyreihiohvcvqv3vgpybkwfyukamti6hf5gn7otnr2zpqd3f4gerot7zq",
        "bafyreib5s6cikdfef5ubbpmluqvolrznolpiio7igjon3cuo5ehagkgfb4",
        "bafyreif7t2trfgxbhcg2y5iwqhayuz566feipz4bbp3o6mdny2cdxi4w5m"
       ],
     "name": "Memory Cards",
     "restrictions": [
        3,
        6,
        5,
        7
       ],
     "setOf": [
        "bafyreid3alyf5ul54zgxoxunitlm6so4svj67scgt3glumo2s46kprja2q"
       ],
     "snippet": "",
     "spaceId": "bafyreid7inlihinledi3gzv5nbhbkbu7xifkjsmeqwr3bgxw4h7gawec4y.1dfa1y4rv8gnn",
     "type": "bafyreiaab3tcneqe3lz4px5msm7tn3zzfjro6slwtcfdz4e5brourizcpy",
     "workspaceId": "bafyreifvtmt7zy3kpzzl2lt6yoij5h7dvlmu5a7defdmt2f64ldrtvuqhe"
    },
   "objectTypes": [
    "ot-set"
   ],
   "collections": {
     "objects": [
        "bafyreibdyvglaqfbzg6o5c4oakwj6hwfevx2qxrartyivmcbzxown7hwe4",
        "bafyreicltr5emoepwjqipblponme7asaqrkq2k4dndzcermhdqiv4vfttm",
        "bafyreihiohvcvqv3vgpybkwfyukamti6hf5gn7otnr2zpqd3f4gerot7zq",
        "bafyreib5s6cikdfef5ubbpmluqvolrznolpiio7igjon3cuo5ehagkgfb4",
        "bafyreif7t2trfgxbhcg2y5iwqhayuz566feipz4bbp3o6mdny2cdxi4w5m"
       ]
    },
   "relationLinks": [
    {
     "key": "workspaceId",
     "format": "object"
    },
    {
     "key": "createdDate",
     "format": "date"
    },
    {
     "key": "creator",
     "format": "object"
    },
    {
     "key": "type",
     "format": "object"
    },
    {
     "key": "id",
     "format": "object"
    },
    {
     "key": "snippet"
    },
    {
     "key": "internalFlags",
     "format": "number"
    },
    {
     "key": "backlinks",
     "format": "object"
    },
    {
     "key": "layout",
     "format": "number"
    },
    {
     "key": "name",
     "format": "shorttext"
    },
    {
     "key": "description"
    },
    {
     "key": "iconEmoji",
     "format": "emoji"
    },
    {
     "key": "iconImage",
     "format": "file"
    },
    {
     "key": "layoutAlign",
     "format": "number"
    },
    {
     "key": "coverId"
    },
    {
     "key": "coverScale",
     "format": "number"
    },
    {
     "key": "coverType",
     "format": "number"
    },
    {
     "key": "coverX",
     "format": "number"
    },
    {
     "key": "coverY",
     "format": "number"
    },
    {
     "key": "lastModifiedDate",
     "format": "date"
    },
    {
     "key": "lastModifiedBy",
     "format": "object"
    },
    {
     "key": "lastOpenedDate",
     "format": "date"
    },
    {
     "key": "featuredRelations",
     "format": "object"
    },
    {
     "key": "isFavorite",
     "format": "checkbox"
    },
    {
     "key": "links",
     "format": "object"
    },
    {
     "key": "restrictions",
     "format": "number"
    },
    {
     "key": "setOf",
     "format": "object"
    },
    {
     "key": "spaceId",
     "format": "object"
    }
   ]
  }
 }
}