{
 "sbType": "Template",
 "snapshot": {
  "data": {
   "blocks": [
    {
     "id": "bafyreibe5utmiuffc6wokvlcjugtkick7xgcmli4hyns7jli2scuydhkk4",
     "fields": {
       "analyticsOriginalId": "bafyreihytre5togio6ppycia2zpnipe4y7ykdhepc22hgjoepajqiup7ca"
      },
     "restrictions": {

     },
     "childrenIds": [
      "header",
      "6463c8e23d9390bc1a7fb167",
      "60c211b0ab98c307f7993b72",
      "60c21270ab98c307f7993b81",
      "60c2127dab98c307f7993b82",
      "6463c8d03d9390bc1a7fb166",
      "60f09673d5877d31cde9f726",
      "60f5c41b6cabea22ef364dff",
      "60f5c41c6cabea22ef364e00",
      "60f5c41d6cabea22ef364e01"
     ],
     "smartblock": {

     }
    },
    {
     "id": "header",
     "restrictions": {
      "edit": true,
      "remove": true,
      "drag": true,
      "dropOn": true
     },
     "childrenIds": [
      "title",
      "description",
      "featuredRelations"
     ],
     "layout": {
      "style": "Header"
     }
    },
    {
     "id": "6463c8e23d9390bc1a7fb167",
     "restrictions": {

     },
     "relation": {
      "key": "createdDate"
     }
    },
    {
     "id": "60c211b0ab98c307f7993b72",
     "restrictions": {

     },
     "relation": {
      "key": "dueDate"
     }
    },
    {
     "id": "60c21270ab98c307f7993b81",
     "restrictions": {

     },
     "relation": {
      "key": "status"
     }
    },
    {
     "id": "60c2127dab98c307f7993b82",
     "restrictions": {

     },
     "text": {
      "style": "Header2",
      "marks": {

      }
     }
    },
    {
     "id": "6463c8d03d9390bc1a7fb166",
     "restrictions": {

     },
     "text": {
      "text": "Details ",
      "style": "Header2",
      "marks": {

      }
     }
    },
    {
     "id": "60f09673d5877d31cde9f726",
     "restrictions": {

     },
     "div": {

     }
    },
    {
     "id": "60f5c41b6cabea22ef364dff",
     "restrictions": {

     },
     "text": {
      "marks": {

      }
     }
    },
    {
     "id": "60f5c41c6cabea22ef364e00",
     "restrictions": {

     },
     "text": {
      "marks": {

      }
     }
    },
    {
     "id": "60f5c41d6cabea22ef364e01",
     "restrictions": {

     },
     "text": {
      "marks": {

      }
     }
    },
    {
     "id": "title",
     "fields": {
       "_detailsKey": [
          "name",
          "done"
         ]
      },
     "restrictions": {
      "remove": true,
      "drag": true,
      "dropOn": true
     },
     "text": {
      "style": "Title",
      "marks": {

      }
     }
    },
    {
     "id": "description",
     "fields": {
       "_detailsKey": "description"
      },
     "restrictions": {
      "remove": true,
      "drag": true,
      "dropOn": true
     },
     "text": {
      "style": "Description",
      "marks": {

      }
     }
    },
    {
     "id": "featuredRelations",
     "restrictions": {
      "remove": true,
      "drag": true,
      "dropOn": true
     },
     "featuredRelations": {

     }
    }
   ],
   "details": {
     "backlinks": [
       ],
     "createdDate": 1695725791,
     "creator": "bafyreiett4aipvuxg5ksieiz2zgnnbdo3unenlm53rhfakbletfl7oqqdq",
     "description": "",
     "featuredRelations": [
        "type",
        "tag",
        "description"
       ],
     "id": "bafyreibe5utmiuffc6wokvlcjugtkick7xgcmli4hyns7jli2scuydhkk4",
     "lastModifiedBy": "_id_AArfJkA7TVAMgeRE5RtWWgbLSh1Eu4ZBUvhhbu5d4gbxXkbb",
     "lastModifiedDate": 1702554699,
     "layout": 2,
     "links": [
       ],
     "name": "Task",
     "oldAnytypeID": "bafyreiaw74mture37om44x33x72kms43t2wpswbvjc3xtqf6cbvr7zvtxq",
     "restrictions": [
        7
       ],
     "snippet": "Details",
     "sourceFilePath": "json:/Users/dariia/Downloads/Anytype.20230926.181101.82.zip/bafyreiaw74mture37om44x33x72kms43t2wpswbvjc3xtqf6cbvr7zvtxq.pb.json",
     "sourceObject": "_missing_object",
     "spaceId": "bafyreid7inlihinledi3gzv5nbhbkbu7xifkjsmeqwr3bgxw4h7gawec4y.1dfa1y4rv8gnn",
     "targetObjectType": "bafyreigrzpv5zh4cr63yd7b3ihmdmwinjihap2qiqdq4qqf6qdnmyl6344",
     "type": "bafyreid353255zg2f732qislwv3syqbt5oxmmmo4e72nykpzfsi2h6bgi4",
     "workspaceId": "bafyreifvtmt7zy3kpzzl2lt6yoij5h7dvlmu5a7defdmt2f64ldrtvuqhe"
    },
   "objectTypes": [
    "ot-template"
   ],
   "relationLinks": [
    {
     "key": "type",
     "format": "object"
    },
    {
     "key": "layout",
     "format": "number"
    },
    {
     "key": "targetObjectType",
     "format": "object"
    },
    {
     "key": "id",
     "format": "object"
    },
    {
     "key": "name",
     "format": "shorttext"
    },
    {
     "key": "description"
    },
    {
     "key": "iconEmoji",
     "format": "emoji"
    },
    {
     "key": "iconImage",
     "format": "file"
    },
    {
     "key": "createdDate",
     "format": "date"
    },
    {
     "key": "creator",
     "format": "object"
    },
    {
     "key": "lastModifiedDate",
     "format": "date"
    },
    {
     "key": "lastModifiedBy",
     "format": "object"
    },
    {
     "key": "lastOpenedDate",
     "format": "date"
    },
    {
     "key": "featuredRelations",
     "format": "object"
    },
    {
     "key": "isHidden",
     "format": "checkbox"
    },
    {
     "key": "isArchived",
     "format": "checkbox"
    },
    {
     "key": "layoutAlign",
     "format": "number"
    },
    {
     "key": "coverId",
     "format": "shorttext"
    },
    {
     "key": "coverScale",
     "format": "number"
    },
    {
     "key": "coverType",
     "format": "number"
    },
    {
     "key": "coverX",
     "format": "number"
    },
    {
     "key": "coverY",
     "format": "number"
    },
    {
     "key": "snippet"
    },
    {
     "key": "dueDate",
     "format": "date"
    },
    {
     "key": "status",
     "format": "status"
    },
    {
     "key": "assignee",
     "format": "object"
    },
    {
     "key": "isFavorite",
     "format": "checkbox"
    },
    {
     "key": "sourceObject",
     "format": "object"
    },
    {
     "key": "workspaceId",
     "format": "object"
    },
    {
     "key": "links",
     "format": "object"
    },
    {
     "key": "internalFlags",
     "format": "number"
    },
    {
     "key": "restrictions",
     "format": "number"
    },
    {
     "key": "done",
     "format": "checkbox"
    },
    {
     "key": "sourceFilePath"
    },
    {
     "key": "oldAnytypeID"
    },
    {
     "key": "backlinks",
     "format": "object"
    },
    {
     "key": "spaceId",
     "format": "object"
    }
   ]
  }
 }
}