{
 "sbType": "Template",
 "snapshot": {
  "data": {
   "blocks": [
    {
     "id": "bafyreiap5kt3pwimlxx3q7xjexeevkiecc4p7avhb52jsjkbdasd5zek6y",
     "restrictions": {

     },
     "childrenIds": [
      "header",
      "6512bdf595207640d12ba3d5",
      "6512bdf695207640d12ba3d6",
      "6512bdf795207640d12ba3d7"
     ],
     "smartblock": {

     }
    },
    {
     "id": "header",
     "restrictions": {
      "edit": true,
      "remove": true,
      "drag": true,
      "dropOn": true
     },
     "childrenIds": [
      "title",
      "description",
      "featuredRelations"
     ],
     "layout": {
      "style": "Header"
     }
    },
    {
     "id": "6512bdf595207640d12ba3d5",
     "restrictions": {

     },
     "relation": {
      "key": "6512bd4595207640d12ba3d1"
     }
    },
    {
     "id": "6512bdf695207640d12ba3d6",
     "restrictions": {

     },
     "text": {
      "marks": {

      }
     }
    },
    {
     "id": "6512bdf795207640d12ba3d7",
     "restrictions": {

     },
     "text": {
      "text": "Example…",
      "marks": {

      }
     }
    },
    {
     "id": "title",
     "fields": {
       "_detailsKey": [
          "name",
          "done"
         ]
      },
     "restrictions": {
      "remove": true,
      "drag": true,
      "dropOn": true
     },
     "text": {
      "style": "Title",
      "marks": {

      }
     }
    },
    {
     "id": "description",
     "fields": {
       "_detailsKey": "description"
      },
     "restrictions": {
      "remove": true,
      "drag": true,
      "dropOn": true
     },
     "text": {
      "style": "Description",
      "marks": {

      }
     }
    },
    {
     "id": "featuredRelations",
     "restrictions": {
      "remove": true,
      "drag": true,
      "dropOn": true
     },
     "featuredRelations": {

     }
    }
   ],
   "details": {
     "6512bd4595207640d12ba3d1": [
        "bafyreihuhdcfikd3wdjzptm35x3cx5u3ind5p44crc6sjjwg6znt7m3dva"
       ],
     "backlinks": [
       ],
     "coverId": "",
     "coverScale": 0,
     "coverType": 0,
     "coverX": 0,
     "coverY": 0,
     "createdDate": 1695726895,
     "creator": "bafyreiett4aipvuxg5ksieiz2zgnnbdo3unenlm53rhfakbletfl7oqqdq",
     "description": "",
     "featuredRelations": [
        "type",
        "description"
       ],
     "id": "bafyreiap5kt3pwimlxx3q7xjexeevkiecc4p7avhb52jsjkbdasd5zek6y",
     "internalFlags": [
       ],
     "lastModifiedBy": "_id_AArfJkA7TVAMgeRE5RtWWgbLSh1Eu4ZBUvhhbu5d4gbxXkbb",
     "lastModifiedDate": 1702554699,
     "layout": 0,
     "links": [
       ],
     "name": "new word",
     "oldAnytypeID": "bafyreibpxk5hxucjq6fct5x3vvhokqzjpugh3d7lmn5se3exue7du3nsli",
     "restrictions": [
        7
       ],
     "snippet": "Example…",
     "sourceFilePath": "json:/Users/dariia/Downloads/Anytype.20230926.181101.82.zip/bafyreibpxk5hxucjq6fct5x3vvhokqzjpugh3d7lmn5se3exue7du3nsli.pb.json",
     "spaceId": "bafyreid7inlihinledi3gzv5nbhbkbu7xifkjsmeqwr3bgxw4h7gawec4y.1dfa1y4rv8gnn",
     "targetObjectType": "bafyreid3alyf5ul54zgxoxunitlm6so4svj67scgt3glumo2s46kprja2q",
     "type": "bafyreid353255zg2f732qislwv3syqbt5oxmmmo4e72nykpzfsi2h6bgi4",
     "workspaceId": "bafyreifvtmt7zy3kpzzl2lt6yoij5h7dvlmu5a7defdmt2f64ldrtvuqhe"
    },
   "objectTypes": [
    "ot-template"
   ],
   "relationLinks": [
    {
     "key": "workspaceId",
     "format": "object"
    },
    {
     "key": "createdDate",
     "format": "date"
    },
    {
     "key": "creator",
     "format": "object"
    },
    {
     "key": "type",
     "format": "object"
    },
    {
     "key": "id",
     "format": "object"
    },
    {
     "key": "snippet"
    },
    {
     "key": "targetObjectType",
     "format": "object"
    },
    {
     "key": "internalFlags",
     "format": "number"
    },
    {
     "key": "layout",
     "format": "number"
    },
    {
     "key": "backlinks",
     "format": "object"
    },
    {
     "key": "name",
     "format": "shorttext"
    },
    {
     "key": "description"
    },
    {
     "key": "iconEmoji",
     "format": "emoji"
    },
    {
     "key": "iconImage",
     "format": "file"
    },
    {
     "key": "layoutAlign",
     "format": "number"
    },
    {
     "key": "coverId"
    },
    {
     "key": "coverScale",
     "format": "number"
    },
    {
     "key": "coverType",
     "format": "number"
    },
    {
     "key": "coverX",
     "format": "number"
    },
    {
     "key": "coverY",
     "format": "number"
    },
    {
     "key": "lastModifiedDate",
     "format": "date"
    },
    {
     "key": "lastModifiedBy",
     "format": "object"
    },
    {
     "key": "lastOpenedDate",
     "format": "date"
    },
    {
     "key": "featuredRelations",
     "format": "object"
    },
    {
     "key": "isFavorite",
     "format": "checkbox"
    },
    {
     "key": "links",
     "format": "object"
    },
    {
     "key": "restrictions",
     "format": "number"
    },
    {
     "key": "6512bd4595207640d12ba3d1",
     "format": "status"
    },
    {
     "key": "oldAnytypeID"
    },
    {
     "key": "sourceFilePath"
    },
    {
     "key": "spaceId",
     "format": "object"
    }
   ]
  }
 }
}