{
 "sbType": "STType",
 "snapshot": {
  "data": {
   "blocks": [
    {
     "id": "bafyreie6cr23ebfjwfmgoizqlkpkgbrmdsvdqeoimdhp5sderrzy5sfuka",
     "restrictions": {

     },
     "childrenIds": [
      "header"
     ],
     "smartblock": {

     }
    },
    {
     "id": "header",
     "restrictions": {
      "edit": true,
      "remove": true,
      "drag": true,
      "dropOn": true
     },
     "childrenIds": [
      "title",
      "description",
      "featuredRelations"
     ],
     "layout": {
      "style": "Header"
     }
    },
    {
     "id": "title",
     "fields": {
       "_detailsKey": [
          "name",
          "done"
         ]
      },
     "restrictions": {
      "remove": true,
      "drag": true,
      "dropOn": true
     },
     "text": {
      "style": "Title",
      "marks": {

      }
     }
    },
    {
     "id": "description",
     "fields": {
       "_detailsKey": "description"
      },
     "restrictions": {
      "remove": true,
      "drag": true,
      "dropOn": true
     },
     "text": {
      "style": "Description",
      "marks": {

      }
     }
    },
    {
     "id": "featuredRelations",
     "restrictions": {
      "remove": true,
      "drag": true,
      "dropOn": true
     },
     "featuredRelations": {

     }
    }
   ],
   "details": {
     "backlinks": [
       ],
     "createdDate": 1702554699,
     "creator": "_id_AArfJkA7TVAMgeRE5RtWWgbLSh1Eu4ZBUvhhbu5d4gbxXkbb",
     "description": "Auto-generated object from .wav, .mp3, .ogg files added to Anytype. Sound when recorded, with ability to reproduce",
     "featuredRelations": [
        "description",
        "type"
       ],
     "iconEmoji": "🎵",
     "id": "bafyreie6cr23ebfjwfmgoizqlkpkgbrmdsvdqeoimdhp5sderrzy5sfuka",
     "isHidden": false,
     "isReadonly": true,
     "lastModifiedBy": "_id_AArfJkA7TVAMgeRE5RtWWgbLSh1Eu4ZBUvhhbu5d4gbxXkbb",
     "lastModifiedDate": 1702554699,
     "layout": 4,
     "links": [
       ],
     "name": "Audio",
     "recommendedLayout": 6,
     "recommendedRelations": [
        "bafyreigodh27b2dclzn23y3pvisnb4ldh73szvgmriclnzrk5hulp2fi4i",
        "bafyreihqo4jppw6jtxar46gg6ezvdii7hjncie4bgxc2jujbz53k6hehsu",
        "bafyreihqkv5urtl7cj5gyctyfydzkmk4bgru3jjv7mgi4fgg4igpvsfoyq",
        "bafyreibhgowhz7skfxodrlua7ghovkqw3drrtpd2gqdxuoli5ia3dcurra",
        "bafyreiezlr6o4yk4kvfcloucv4gkhldg7zmyiqi3mzemdakcz73werknh4",
        "bafyreic3nd47q3f2zw5wwtitbg2wxwk547yawqiiqcgmadzkjvcnjjwtiu",
        "bafyreidvhuicaew42b4jslo75zdq5a5anyqobvlnwvy3jlew2tvm5ezcta",
        "bafyreibjqi7ypcuaaafbmxroanurfgekm3q2jhlq6f3rk6clxrpqd6oj4q",
        "bafyreig3wpiohfskpjm3vcvxv76m64paaaygon6l5yun3mjviibolgt5ey",
        "bafyreif5u3bqf72xdgzaorcbcibqlq2tvdj6iwe2vo74rdm7mxgyxxg6pm",
        "bafyreie4b67xe77eav3kzacfofaavcxgrxvybcanelhpz5dn4bssmk5j5q",
        "bafyreieprdbmqjb5eln5xvmhfqpdlcgtogh4j5ecwtlwyycs42eyuf55uu",
        "bafyreiecfppjdaorjzc427ddztw5yjw5vywtvlvtfilhsvf6hrvkghrx5i"
       ],
     "restrictions": [
        3,
        6,
        5,
        7,
        4,
        1
       ],
     "smartblockTypes": [
        256
       ],
     "snippet": "",
     "sourceObject": "_otaudio",
     "spaceId": "bafyreid7inlihinledi3gzv5nbhbkbu7xifkjsmeqwr3bgxw4h7gawec4y.1dfa1y4rv8gnn",
     "type": "bafyreidl23m4rv4vqwwlii5jus6mpkacfew4cmhuomhft6osnl5hjfoaau",
     "uniqueKey": "ot-audio"
    },
   "objectTypes": [
    "ot-objectType"
   ],
   "relationLinks": [
    {
     "key": "description"
    },
    {
     "key": "recommendedRelations",
     "format": "object"
    },
    {
     "key": "isHidden",
     "format": "checkbox"
    },
    {
     "key": "sourceObject",
     "format": "object"
    },
    {
     "key": "layout",
     "format": "number"
    },
    {
     "key": "recommendedLayout",
     "format": "number"
    },
    {
     "key": "smartblockTypes",
     "format": "number"
    },
    {
     "key": "iconEmoji",
     "format": "emoji"
    },
    {
     "key": "name",
     "format": "shorttext"
    },
    {
     "key": "backlinks",
     "format": "object"
    },
    {
     "key": "creator",
     "format": "object"
    },
    {
     "key": "id",
     "format": "object"
    },
    {
     "key": "spaceId",
     "format": "object"
    },
    {
     "key": "type",
     "format": "object"
    },
    {
     "key": "uniqueKey"
    },
    {
     "key": "isReadonly",
     "format": "checkbox"
    },
    {
     "key": "snippet"
    },
    {
     "key": "iconImage",
     "format": "file"
    },
    {
     "key": "layoutAlign",
     "format": "number"
    },
    {
     "key": "coverId"
    },
    {
     "key": "coverScale",
     "format": "number"
    },
    {
     "key": "coverType",
     "format": "number"
    },
    {
     "key": "coverX",
     "format": "number"
    },
    {
     "key": "coverY",
     "format": "number"
    },
    {
     "key": "createdDate",
     "format": "date"
    },
    {
     "key": "lastModifiedDate",
     "format": "date"
    },
    {
     "key": "lastModifiedBy",
     "format": "object"
    },
    {
     "key": "lastOpenedDate",
     "format": "date"
    },
    {
     "key": "featuredRelations",
     "format": "object"
    },
    {
     "key": "isFavorite",
     "format": "checkbox"
    },
    {
     "key": "workspaceId",
     "format": "object"
    },
    {
     "key": "links",
     "format": "object"
    },
    {
     "key": "internalFlags",
     "format": "number"
    },
    {
     "key": "restrictions",
     "format": "number"
    }
   ],
   "key": "audio"
  }
 }
}