{
 "sbType": "Widget",
 "snapshot": {
  "data": {
   "blocks": [
    {
     "id": "bafyreichxpl2u76bni672tcqqtdhwkcnjl7dpyfqb4hvh5fxezoofyi6oy",
     "restrictions": {

     },
     "childrenIds": [
      "6512c75595207640d12ba3ed",
      "6516c43a95207671cd53414c"
     ],
     "smartblock": {

     }
    },
    {
     "id": "6512c75595207640d12ba3ed",
     "restrictions": {

     },
     "childrenIds": [
      "6512c75595207640d12ba3ec"
     ],
     "widget": {
      "layout": "CompactList",
      "limit": 6,
      "viewId": "e0df15d5-fae1-4a0d-ac08-d649931bd5aa"
     }
    },
    {
     "id": "6516c43a95207671cd53414c",
     "childrenIds": [
      "6516c43a95207671cd53414b"
     ],
     "widget": {
      "layout": "CompactList",
      "limit": 6,
      "viewId": "6512c09d95207640d12ba3dc"
     }
    },
    {
     "id": "6512c75595207640d12ba3ec",
     "restrictions": {

     },
     "link": {
      "targetBlockId": "bafyreig5vj6vup7avlynmwd35zlwcy4gpwkyreazxnemr6t4f6rao5e7am"
     }
    },
    {
     "id": "6516c43a95207671cd53414b",
     "link": {
      "targetBlockId": "bafyreicsatisgoch5743jtnanqay2prbt2gwqvfxf2pzb4blznikgplv4q"
     }
    }
   ],
   "details": {
     "backlinks": [
       ],
     "createdDate": 1695905066,
     "creator": "_id_AArfJkA7TVAMgeRE5RtWWgbLSh1Eu4ZBUvhhbu5d4gbxXkbb",
     "id": "bafyreichxpl2u76bni672tcqqtdhwkcnjl7dpyfqb4hvh5fxezoofyi6oy",
     "isHidden": true,
     "lastModifiedBy": "_id_AArfJkA7TVAMgeRE5RtWWgbLSh1Eu4ZBUvhhbu5d4gbxXkbb",
     "lastModifiedDate": 1702554700,
     "lastOpenedDate": 1702554700,
     "layout": 7,
     "links": [
        "bafyreig5vj6vup7avlynmwd35zlwcy4gpwkyreazxnemr6t4f6rao5e7am",
        "bafyreicsatisgoch5743jtnanqay2prbt2gwqvfxf2pzb4blznikgplv4q"
       ],
     "oldAnytypeID": "bafyreichxpl2u76bni672tcqqtdhwkcnjl7dpyfqb4hvh5fxezoofyi6oy",
     "restrictions": [
       ],
     "snippet": "",
     "sourceFilePath": "json:/Users/dariia/Downloads/Anytype.20230926.181101.82.zip/bafyreichxpl2u76bni672tcqqtdhwkcnjl7dpyfqb4hvh5fxezoofyi6oy.pb.json",
     "spaceId": "bafyreid7inlihinledi3gzv5nbhbkbu7xifkjsmeqwr3bgxw4h7gawec4y.1dfa1y4rv8gnn",
     "type": "bafyreigdipzx5kf5vpjwbgthyto64ggprmpw46rkqanhdshyf556vscdcy",
     "workspaceId": "bafyreifvtmt7zy3kpzzl2lt6yoij5h7dvlmu5a7defdmt2f64ldrtvuqhe"
    },
   "objectTypes": [
    "ot-dashboard"
   ],
   "relationLinks": [
    {
     "key": "id",
     "format": "object"
    },
    {
     "key": "snippet"
    },
    {
     "key": "workspaceId",
     "format": "object"
    },
    {
     "key": "backlinks",
     "format": "object"
    },
    {
     "key": "creator",
     "format": "object"
    },
    {
     "key": "type",
     "format": "object"
    },
    {
     "key": "layout",
     "format": "number"
    },
    {
     "key": "isHidden",
     "format": "checkbox"
    },
    {
     "key": "lastModifiedBy",
     "format": "object"
    },
    {
     "key": "lastModifiedDate",
     "format": "date"
    },
    {
     "key": "lastOpenedDate",
     "format": "date"
    },
    {
     "key": "links",
     "format": "object"
    },
    {
     "key": "restrictions",
     "format": "number"
    },
    {
     "key": "sourceFilePath"
    },
    {
     "key": "oldAnytypeID"
    },
    {
     "key": "createdDate",
     "format": "date"
    },
    {
     "key": "spaceId",
     "format": "object"
    }
   ]
  }
 }
}