{
 "sbType": "Page",
 "snapshot": {
  "data": {
   "blocks": [
    {
     "id": "bafyreif7t2trfgxbhcg2y5iwqhayuz566feipz4bbp3o6mdny2cdxi4w5m",
     "restrictions": {

     },
     "childrenIds": [
      "header",
      "6512bdf595207640d12ba3d5",
      "6512bdf695207640d12ba3d6",
      "6512bdf795207640d12ba3d7",
      "65130a1a95207640d12ba4bc",
      "6512c16095207640d12ba3e1"
     ],
     "smartblock": {

     }
    },
    {
     "id": "header",
     "restrictions": {
      "edit": true,
      "remove": true,
      "drag": true,
      "dropOn": true
     },
     "childrenIds": [
      "title",
      "description",
      "featuredRelations"
     ],
     "layout": {
      "style": "Header"
     }
    },
    {
     "id": "6512bdf595207640d12ba3d5",
     "relation": {
      "key": "6512bd4595207640d12ba3d1"
     }
    },
    {
     "id": "6512bdf695207640d12ba3d6",
     "restrictions": {

     },
     "text": {
      "marks": {

      }
     }
    },
    {
     "id": "6512bdf795207640d12ba3d7",
     "restrictions": {

     },
     "text": {
      "text": "Tantas borboletas bonitas no jardim! (so many beautiful butterflies in the garden!)",
      "marks": {

      }
     }
    },
    {
     "id": "65130a1a95207640d12ba4bc",
     "restrictions": {

     },
     "text": {
      "marks": {

      }
     }
    },
    {
     "id": "6512c16095207640d12ba3e1",
     "text": {
      "marks": {

      }
     }
    },
    {
     "id": "title",
     "fields": {
       "_detailsKey": [
          "name",
          "done"
         ]
      },
     "restrictions": {
      "remove": true,
      "drag": true,
      "dropOn": true
     },
     "text": {
      "style": "Title",
      "marks": {

      }
     }
    },
    {
     "id": "description",
     "fields": {
       "_detailsKey": "description"
      },
     "restrictions": {
      "remove": true,
      "drag": true,
      "dropOn": true
     },
     "text": {
      "style": "Description",
      "marks": {

      }
     }
    },
    {
     "id": "featuredRelations",
     "restrictions": {
      "remove": true,
      "drag": true,
      "dropOn": true
     },
     "featuredRelations": {

     }
    }
   ],
   "details": {
     "6512bd4595207640d12ba3d1": "",
     "backlinks": [
        "bafyreicsatisgoch5743jtnanqay2prbt2gwqvfxf2pzb4blznikgplv4q",
        "bafyreiezrwnqauluap4fehlkotafmplzc32uczrfl2jrnr7wszpxerbooe"
       ],
     "coverId": "bafybeibc7ngfwbswhyfozda2bfkv5z6crk4xzlychtr5masaaheszsbzdi",
     "coverScale": 0,
     "coverType": 5,
     "coverX": 0,
     "coverY": -0.25,
     "createdDate": 1695727822,
     "creator": "bafyreiett4aipvuxg5ksieiz2zgnnbdo3unenlm53rhfakbletfl7oqqdq",
     "description": "butterfly",
     "featuredRelations": [
        "type",
        "description"
       ],
     "id": "bafyreif7t2trfgxbhcg2y5iwqhayuz566feipz4bbp3o6mdny2cdxi4w5m",
     "internalFlags": [
       ],
     "lastModifiedBy": "_id_AArfJkA7TVAMgeRE5RtWWgbLSh1Eu4ZBUvhhbu5d4gbxXkbb",
     "lastModifiedDate": 1702554766,
     "lastOpenedDate": 1702554779,
     "layout": 0,
     "links": [
       ],
     "name": "borboleta",
     "restrictions": [
       ],
     "snippet": "Tantas borboletas bonitas no jardim! (so many beautiful butterflies in the garden!)",
     "spaceId": "bafyreid7inlihinledi3gzv5nbhbkbu7xifkjsmeqwr3bgxw4h7gawec4y.1dfa1y4rv8gnn",
     "tag": [
       ],
     "type": "bafyreid3alyf5ul54zgxoxunitlm6so4svj67scgt3glumo2s46kprja2q",
     "workspaceId": "bafyreifvtmt7zy3kpzzl2lt6yoij5h7dvlmu5a7defdmt2f64ldrtvuqhe"
    },
   "objectTypes": [
    "ot-6512bd2895207640d12ba3cf"
   ],
   "relationLinks": [
    {
     "key": "workspaceId",
     "format": "object"
    },
    {
     "key": "createdDate",
     "format": "date"
    },
    {
     "key": "creator",
     "format": "object"
    },
    {
     "key": "type",
     "format": "object"
    },
    {
     "key": "id",
     "format": "object"
    },
    {
     "key": "snippet"
    },
    {
     "key": "targetObjectType",
     "format": "object"
    },
    {
     "key": "internalFlags",
     "format": "number"
    },
    {
     "key": "layout",
     "format": "number"
    },
    {
     "key": "backlinks",
     "format": "object"
    },
    {
     "key": "name",
     "format": "shorttext"
    },
    {
     "key": "description"
    },
    {
     "key": "iconEmoji",
     "format": "emoji"
    },
    {
     "key": "iconImage",
     "format": "file"
    },
    {
     "key": "layoutAlign",
     "format": "number"
    },
    {
     "key": "coverId"
    },
    {
     "key": "coverScale",
     "format": "number"
    },
    {
     "key": "coverType",
     "format": "number"
    },
    {
     "key": "coverX",
     "format": "number"
    },
    {
     "key": "coverY",
     "format": "number"
    },
    {
     "key": "lastModifiedDate",
     "format": "date"
    },
    {
     "key": "lastModifiedBy",
     "format": "object"
    },
    {
     "key": "lastOpenedDate",
     "format": "date"
    },
    {
     "key": "featuredRelations",
     "format": "object"
    },
    {
     "key": "isFavorite",
     "format": "checkbox"
    },
    {
     "key": "links",
     "format": "object"
    },
    {
     "key": "restrictions",
     "format": "number"
    },
    {
     "key": "6512bd4595207640d12ba3d1",
     "format": "status"
    },
    {
     "key": "tag",
     "format": "tag"
    },
    {
     "key": "spaceId",
     "format": "object"
    }
   ]
  },
  "fileKeys": [
   {
    "hash": "bafybeica4w266rulo52h7pmsptllkkstnbiscccaxfxminlbividqsaxkq",
    "keys": {
     "/0/exif/": "bxvf5lfzhnsbgyhfwzyeiexwhjzun6lk7eiwpzcqnn5enukpc3kra",
     "/0/large/": "bxa2yj3v22yfyu7nmtfalfuzb67kgtfkif27wpzfpxfvl4uv4pvpq",
     "/0/original/": "bxa2yj3v22yfyu7nmtfalfuzb67kgtfkif27wpzfpxfvl4uv4pvpq",
     "/0/small/": "bwtlrdjlgiljwm3bwhe7lea5hido56e7gh7o3w3d5bvgmqoyxs6lq",
     "/0/thumb/": "bqqryzf6avoxohebickrnakrb52cgh2ddrvbmfzwwjli7mrsjtlha"
    }
   },
   {
    "hash": "bafybeibc7ngfwbswhyfozda2bfkv5z6crk4xzlychtr5masaaheszsbzdi",
    "keys": {
     "/0/exif/": "bnj7ef7pah2bprap3m3qbzuibj3bptkbly5atsxeuv3kfvpvfitsa",
     "/0/large/": "bo72vojtorm4k5hybdb4u2hgovjwfck5kgpebxoa46vev42t32jba",
     "/0/original/": "bo72vojtorm4k5hybdb4u2hgovjwfck5kgpebxoa46vev42t32jba",
     "/0/small/": "bskvziatizyr6t2qs6zq4amm3vajjotq2uqwiffl43vadosi3reua",
     "/0/thumb/": "ber5anff3p3rlsvpqthl3etdmt5oqe64bbyd4s5lo7a56i4vyh7pa"
    }
   }
  ]
 }
}